-- MySQL dump 10.13  Distrib 5.7.42, for Linux (x86_64)
--
-- Host: localhost    Database: saudipsi_laravel
-- ------------------------------------------------------
-- Server version	5.7.42

/*!40101 SET @OLD_CHARACTER_SET_CLIENT=@@CHARACTER_SET_CLIENT */;
/*!40101 SET @OLD_CHARACTER_SET_RESULTS=@@CHARACTER_SET_RESULTS */;
/*!40101 SET @OLD_COLLATION_CONNECTION=@@COLLATION_CONNECTION */;
/*!40101 SET NAMES utf8mb4 */;
/*!40103 SET @OLD_TIME_ZONE=@@TIME_ZONE */;
/*!40103 SET TIME_ZONE='+00:00' */;
/*!40014 SET @OLD_UNIQUE_CHECKS=@@UNIQUE_CHECKS, UNIQUE_CHECKS=0 */;
/*!40014 SET @OLD_FOREIGN_KEY_CHECKS=@@FOREIGN_KEY_CHECKS, FOREIGN_KEY_CHECKS=0 */;
/*!40101 SET @OLD_SQL_MODE=@@SQL_MODE, SQL_MODE='NO_AUTO_VALUE_ON_ZERO' */;
/*!40111 SET @OLD_SQL_NOTES=@@SQL_NOTES, SQL_NOTES=0 */;

--
-- Table structure for table `admingroup_adminrole`
--

DROP TABLE IF EXISTS `admingroup_adminrole`;
/*!40101 SET @saved_cs_client     = @@character_set_client */;
/*!40101 SET character_set_client = utf8 */;
CREATE TABLE `admingroup_adminrole` (
  `id` bigint(20) unsigned NOT NULL AUTO_INCREMENT,
  `admingroup_id` int(11) NOT NULL,
  `adminrole_id` int(11) NOT NULL,
  `status` tinyint(1) NOT NULL DEFAULT '1',
  `created_at` timestamp NULL DEFAULT NULL,
  `updated_at` timestamp NULL DEFAULT NULL,
  PRIMARY KEY (`id`)
) ENGINE=InnoDB AUTO_INCREMENT=271 DEFAULT CHARSET=utf8mb4 COLLATE=utf8mb4_unicode_ci;
/*!40101 SET character_set_client = @saved_cs_client */;

--
-- Dumping data for table `admingroup_adminrole`
--

LOCK TABLES `admingroup_adminrole` WRITE;
/*!40000 ALTER TABLE `admingroup_adminrole` DISABLE KEYS */;
INSERT INTO `admingroup_adminrole` (`id`, `admingroup_id`, `adminrole_id`, `status`, `created_at`, `updated_at`) VALUES (1,1,1,1,NULL,NULL),(2,1,2,1,NULL,NULL),(3,1,3,1,NULL,NULL),(4,1,4,1,NULL,NULL),(5,1,5,1,NULL,NULL),(6,1,6,1,NULL,NULL),(7,1,7,1,NULL,NULL),(8,1,8,1,NULL,NULL),(9,1,9,1,NULL,NULL),(10,1,10,1,NULL,NULL),(11,1,11,1,NULL,NULL),(12,1,12,1,NULL,NULL),(13,1,13,1,NULL,NULL),(14,1,14,1,NULL,NULL),(15,1,15,1,NULL,NULL),(16,1,16,1,NULL,NULL),(17,1,17,1,NULL,NULL),(18,1,18,1,NULL,NULL),(19,1,19,1,NULL,NULL),(20,1,20,1,NULL,NULL),(21,1,21,1,NULL,NULL),(22,1,22,1,NULL,NULL),(23,1,23,1,NULL,NULL),(24,1,24,1,NULL,NULL),(25,1,25,1,NULL,NULL),(26,1,26,1,NULL,NULL),(27,1,27,1,NULL,NULL),(28,2,1,1,NULL,NULL),(29,2,2,1,NULL,NULL),(30,2,3,1,NULL,NULL),(31,2,4,1,NULL,NULL),(32,2,5,1,NULL,NULL),(33,2,6,1,NULL,NULL),(34,2,7,1,NULL,NULL),(35,2,8,1,NULL,NULL),(36,2,9,1,NULL,NULL),(37,2,10,1,NULL,NULL),(38,2,11,1,NULL,NULL),(39,2,12,1,NULL,NULL),(40,2,13,1,NULL,NULL),(41,2,14,1,NULL,NULL),(42,2,15,1,NULL,NULL),(43,2,16,1,NULL,NULL),(44,2,17,1,NULL,NULL),(45,2,18,1,NULL,NULL),(46,2,19,1,NULL,NULL),(47,2,20,1,NULL,NULL),(48,2,21,1,NULL,NULL),(49,2,22,1,NULL,NULL),(50,2,23,1,NULL,NULL),(51,2,24,1,NULL,NULL),(52,2,25,1,NULL,NULL),(53,2,26,1,NULL,NULL),(54,2,27,1,NULL,NULL),(55,3,1,1,NULL,NULL),(56,3,2,1,NULL,NULL),(57,3,3,1,NULL,NULL),(58,3,4,1,NULL,NULL),(59,3,5,1,NULL,NULL),(60,3,6,1,NULL,NULL),(61,3,7,1,NULL,NULL),(62,3,8,1,NULL,NULL),(63,3,9,1,NULL,NULL),(64,3,10,1,NULL,NULL),(65,3,11,1,NULL,NULL),(66,3,12,1,NULL,NULL),(67,3,13,1,NULL,NULL),(68,3,14,1,NULL,NULL),(69,3,15,1,NULL,NULL),(70,3,16,1,NULL,NULL),(71,3,17,1,NULL,NULL),(72,3,18,1,NULL,NULL),(73,3,19,1,NULL,NULL),(74,3,20,1,NULL,NULL),(75,3,21,1,NULL,NULL),(76,3,22,1,NULL,NULL),(77,3,23,1,NULL,NULL),(78,3,24,1,NULL,NULL),(79,3,25,1,NULL,NULL),(80,3,26,1,NULL,NULL),(81,3,27,1,NULL,NULL),(82,4,1,1,NULL,NULL),(83,4,2,1,NULL,NULL),(84,4,3,1,NULL,NULL),(85,4,4,1,NULL,NULL),(86,4,5,1,NULL,NULL),(87,4,6,1,NULL,NULL),(88,4,7,1,NULL,NULL),(89,4,8,1,NULL,NULL),(90,4,9,1,NULL,NULL),(91,4,10,1,NULL,NULL),(92,4,11,1,NULL,NULL),(93,4,12,1,NULL,NULL),(94,4,13,1,NULL,NULL),(95,4,14,1,NULL,NULL),(96,4,15,1,NULL,NULL),(97,4,16,1,NULL,NULL),(98,4,17,1,NULL,NULL),(99,4,18,1,NULL,NULL),(100,4,19,1,NULL,NULL),(101,4,20,1,NULL,NULL),(102,4,21,1,NULL,NULL),(103,4,22,1,NULL,NULL),(104,4,23,1,NULL,NULL),(105,4,24,1,NULL,NULL),(106,4,25,1,NULL,NULL),(107,4,26,1,NULL,NULL),(108,4,27,1,NULL,NULL),(109,5,1,1,NULL,NULL),(110,5,2,1,NULL,NULL),(111,5,3,1,NULL,NULL),(112,5,4,1,NULL,NULL),(113,5,5,1,NULL,NULL),(114,5,6,1,NULL,NULL),(115,5,7,1,NULL,NULL),(116,5,8,1,NULL,NULL),(117,5,9,1,NULL,NULL),(118,5,10,1,NULL,NULL),(119,5,11,1,NULL,NULL),(120,5,12,1,NULL,NULL),(121,5,13,1,NULL,NULL),(122,5,14,1,NULL,NULL),(123,5,15,1,NULL,NULL),(124,5,16,1,NULL,NULL),(125,5,17,1,NULL,NULL),(126,5,18,1,NULL,NULL),(127,5,19,1,NULL,NULL),(128,5,20,1,NULL,NULL),(129,5,21,1,NULL,NULL),(130,5,22,1,NULL,NULL),(131,5,23,1,NULL,NULL),(132,5,24,1,NULL,NULL),(133,5,25,1,NULL,NULL),(134,5,26,1,NULL,NULL),(135,5,27,1,NULL,NULL),(136,6,1,1,NULL,NULL),(137,6,2,1,NULL,NULL),(138,6,3,1,NULL,NULL),(139,6,4,1,NULL,NULL),(140,6,5,1,NULL,NULL),(141,6,6,1,NULL,NULL),(142,6,7,1,NULL,NULL),(143,6,8,1,NULL,NULL),(144,6,9,1,NULL,NULL),(145,6,10,1,NULL,NULL),(146,6,11,1,NULL,NULL),(147,6,12,1,NULL,NULL),(148,6,13,1,NULL,NULL),(149,6,14,1,NULL,NULL),(150,6,15,1,NULL,NULL),(151,6,16,1,NULL,NULL),(152,6,17,1,NULL,NULL),(153,6,18,1,NULL,NULL),(154,6,19,1,NULL,NULL),(155,6,20,1,NULL,NULL),(156,6,21,1,NULL,NULL),(157,6,22,1,NULL,NULL),(158,6,23,1,NULL,NULL),(159,6,24,1,NULL,NULL),(160,6,25,1,NULL,NULL),(161,6,26,1,NULL,NULL),(162,6,27,1,NULL,NULL),(163,7,1,1,NULL,NULL),(164,7,2,1,NULL,NULL),(165,7,3,1,NULL,NULL),(166,7,4,1,NULL,NULL),(167,7,5,1,NULL,NULL),(168,7,6,1,NULL,NULL),(169,7,7,1,NULL,NULL),(170,7,8,1,NULL,NULL),(171,7,9,1,NULL,NULL),(172,7,10,1,NULL,NULL),(173,7,11,1,NULL,NULL),(174,7,12,1,NULL,NULL),(175,7,13,1,NULL,NULL),(176,7,14,1,NULL,NULL),(177,7,15,1,NULL,NULL),(178,7,16,1,NULL,NULL),(179,7,17,1,NULL,NULL),(180,7,18,1,NULL,NULL),(181,7,19,1,NULL,NULL),(182,7,20,1,NULL,NULL),(183,7,21,1,NULL,NULL),(184,7,22,1,NULL,NULL),(185,7,23,1,NULL,NULL),(186,7,24,1,NULL,NULL),(187,7,25,1,NULL,NULL),(188,7,26,1,NULL,NULL),(189,7,27,1,NULL,NULL),(190,8,1,1,NULL,NULL),(191,8,2,1,NULL,NULL),(192,8,3,1,NULL,NULL),(193,8,4,1,NULL,NULL),(194,8,5,1,NULL,NULL),(195,8,6,1,NULL,NULL),(196,8,7,1,NULL,NULL),(197,8,8,1,NULL,NULL),(198,8,9,1,NULL,NULL),(199,8,10,1,NULL,NULL),(200,8,11,1,NULL,NULL),(201,8,12,1,NULL,NULL),(202,8,13,1,NULL,NULL),(203,8,14,1,NULL,NULL),(204,8,15,1,NULL,NULL),(205,8,16,1,NULL,NULL),(206,8,17,1,NULL,NULL),(207,8,18,1,NULL,NULL),(208,8,19,1,NULL,NULL),(209,8,20,1,NULL,NULL),(210,8,21,1,NULL,NULL),(211,8,22,1,NULL,NULL),(212,8,23,1,NULL,NULL),(213,8,24,1,NULL,NULL),(214,8,25,1,NULL,NULL),(215,8,26,1,NULL,NULL),(216,8,27,1,NULL,NULL),(217,9,1,1,NULL,NULL),(218,9,2,1,NULL,NULL),(219,9,3,1,NULL,NULL),(220,9,4,1,NULL,NULL),(221,9,5,1,NULL,NULL),(222,9,6,1,NULL,NULL),(223,9,7,1,NULL,NULL),(224,9,8,1,NULL,NULL),(225,9,9,1,NULL,NULL),(226,9,10,1,NULL,NULL),(227,9,11,1,NULL,NULL),(228,9,12,1,NULL,NULL),(229,9,13,1,NULL,NULL),(230,9,14,1,NULL,NULL),(231,9,15,1,NULL,NULL),(232,9,16,1,NULL,NULL),(233,9,17,1,NULL,NULL),(234,9,18,1,NULL,NULL),(235,9,19,1,NULL,NULL),(236,9,20,1,NULL,NULL),(237,9,21,1,NULL,NULL),(238,9,22,1,NULL,NULL),(239,9,23,1,NULL,NULL),(240,9,24,1,NULL,NULL),(241,9,25,1,NULL,NULL),(242,9,26,1,NULL,NULL),(243,9,27,1,NULL,NULL),(244,10,1,1,NULL,NULL),(245,10,2,1,NULL,NULL),(246,10,3,1,NULL,NULL),(247,10,4,1,NULL,NULL),(248,10,5,1,NULL,NULL),(249,10,6,1,NULL,NULL),(250,10,7,1,NULL,NULL),(251,10,8,1,NULL,NULL),(252,10,9,1,NULL,NULL),(253,10,10,1,NULL,NULL),(254,10,11,1,NULL,NULL),(255,10,12,1,NULL,NULL),(256,10,13,1,NULL,NULL),(257,10,14,1,NULL,NULL),(258,10,15,1,NULL,NULL),(259,10,16,1,NULL,NULL),(260,10,17,1,NULL,NULL),(261,10,18,1,NULL,NULL),(262,10,19,1,NULL,NULL),(263,10,20,1,NULL,NULL),(264,10,21,1,NULL,NULL),(265,10,22,1,NULL,NULL),(266,10,23,1,NULL,NULL),(267,10,24,1,NULL,NULL),(268,10,25,1,NULL,NULL),(269,10,26,1,NULL,NULL),(270,10,27,1,NULL,NULL);
/*!40000 ALTER TABLE `admingroup_adminrole` ENABLE KEYS */;
UNLOCK TABLES;

--
-- Table structure for table `admingroups`
--

DROP TABLE IF EXISTS `admingroups`;
/*!40101 SET @saved_cs_client     = @@character_set_client */;
/*!40101 SET character_set_client = utf8 */;
CREATE TABLE `admingroups` (
  `id` bigint(20) unsigned NOT NULL AUTO_INCREMENT,
  `company_id` int(11) DEFAULT NULL,
  `name` varchar(255) COLLATE utf8mb4_unicode_ci NOT NULL,
  `created_at` timestamp NULL DEFAULT NULL,
  `updated_at` timestamp NULL DEFAULT NULL,
  PRIMARY KEY (`id`)
) ENGINE=InnoDB AUTO_INCREMENT=11 DEFAULT CHARSET=utf8mb4 COLLATE=utf8mb4_unicode_ci;
/*!40101 SET character_set_client = @saved_cs_client */;

--
-- Dumping data for table `admingroups`
--

LOCK TABLES `admingroups` WRITE;
/*!40000 ALTER TABLE `admingroups` DISABLE KEYS */;
INSERT INTO `admingroups` (`id`, `company_id`, `name`, `created_at`, `updated_at`) VALUES (1,1,'supermanager','2023-01-21 14:01:46','2023-01-21 14:01:46'),(2,2,'supermanager','2023-01-24 15:52:46','2023-01-24 15:52:46'),(3,3,'supermanager','2023-01-26 14:34:45','2023-01-26 14:34:45'),(4,3,'test','2023-01-31 16:48:03','2023-01-31 16:48:03'),(5,NULL,'test','2023-01-31 16:58:52','2023-01-31 16:58:52'),(6,4,'supermanager','2023-05-14 21:24:34','2023-05-14 21:24:34'),(7,5,'supermanager','2023-05-27 22:28:58','2023-05-27 22:28:58'),(8,6,'supermanager','2023-05-31 13:44:57','2023-05-31 13:44:57'),(9,7,'supermanager','2023-06-04 16:34:26','2023-06-04 16:34:26'),(10,8,'supermanager','2023-06-12 02:11:53','2023-06-12 02:11:53');
/*!40000 ALTER TABLE `admingroups` ENABLE KEYS */;
UNLOCK TABLES;

--
-- Table structure for table `adminroles`
--

DROP TABLE IF EXISTS `adminroles`;
/*!40101 SET @saved_cs_client     = @@character_set_client */;
/*!40101 SET character_set_client = utf8 */;
CREATE TABLE `adminroles` (
  `id` bigint(20) unsigned NOT NULL AUTO_INCREMENT,
  `name` varchar(255) COLLATE utf8mb4_unicode_ci NOT NULL,
  `created_at` timestamp NULL DEFAULT NULL,
  `updated_at` timestamp NULL DEFAULT NULL,
  PRIMARY KEY (`id`)
) ENGINE=InnoDB AUTO_INCREMENT=28 DEFAULT CHARSET=utf8mb4 COLLATE=utf8mb4_unicode_ci;
/*!40101 SET character_set_client = @saved_cs_client */;

--
-- Dumping data for table `adminroles`
--

LOCK TABLES `adminroles` WRITE;
/*!40000 ALTER TABLE `adminroles` DISABLE KEYS */;
INSERT INTO `adminroles` (`id`, `name`, `created_at`, `updated_at`) VALUES (1,'doctor',NULL,NULL),(2,'add_doctor',NULL,NULL),(3,'doctor_edit',NULL,NULL),(4,'doctor_delete',NULL,NULL),(5,'patient',NULL,NULL),(6,'add_patient',NULL,NULL),(7,'patient_edit',NULL,NULL),(8,'patient_delete',NULL,NULL),(9,'category',NULL,NULL),(10,'add_category',NULL,NULL),(11,'category_edit',NULL,NULL),(12,'category_delete',NULL,NULL),(13,'level',NULL,NULL),(14,'add_level',NULL,NULL),(15,'level_edit',NULL,NULL),(16,'level_delete',NULL,NULL),(17,'question',NULL,NULL),(18,'add_question',NULL,NULL),(19,'question_edit',NULL,NULL),(20,'question_delete',NULL,NULL),(21,'groups',NULL,NULL),(22,'groups_add',NULL,NULL),(23,'groups_edit',NULL,NULL),(24,'groups_delete',NULL,NULL),(25,'groups_permission',NULL,NULL),(26,'setting',NULL,NULL),(27,'Backup',NULL,NULL);
/*!40000 ALTER TABLE `adminroles` ENABLE KEYS */;
UNLOCK TABLES;

--
-- Table structure for table `admins`
--

DROP TABLE IF EXISTS `admins`;
/*!40101 SET @saved_cs_client     = @@character_set_client */;
/*!40101 SET character_set_client = utf8 */;
CREATE TABLE `admins` (
  `id` bigint(20) unsigned NOT NULL AUTO_INCREMENT,
  `username` varchar(255) COLLATE utf8mb4_unicode_ci DEFAULT NULL,
  `password` varchar(255) COLLATE utf8mb4_unicode_ci DEFAULT NULL,
  `fname` varchar(255) COLLATE utf8mb4_unicode_ci DEFAULT NULL,
  `lname` varchar(255) COLLATE utf8mb4_unicode_ci DEFAULT NULL,
  `email` varchar(255) COLLATE utf8mb4_unicode_ci DEFAULT NULL,
  `address` varchar(255) COLLATE utf8mb4_unicode_ci DEFAULT NULL,
  `title` enum('Mr','Ms','Mrs','M/s') COLLATE utf8mb4_unicode_ci DEFAULT NULL,
  `active` tinyint(1) NOT NULL DEFAULT '1',
  `mobile_no` varchar(255) COLLATE utf8mb4_unicode_ci DEFAULT NULL,
  `city_id` int(11) DEFAULT NULL,
  `company_id` int(11) DEFAULT NULL,
  `country_id` int(11) DEFAULT NULL,
  `admingroup_id` int(11) DEFAULT NULL,
  `postal_code` varchar(255) COLLATE utf8mb4_unicode_ci DEFAULT NULL,
  `created_at` timestamp NULL DEFAULT NULL,
  `updated_at` timestamp NULL DEFAULT NULL,
  PRIMARY KEY (`id`),
  UNIQUE KEY `admins_email_unique` (`email`)
) ENGINE=InnoDB AUTO_INCREMENT=9 DEFAULT CHARSET=utf8mb4 COLLATE=utf8mb4_unicode_ci;
/*!40101 SET character_set_client = @saved_cs_client */;

--
-- Dumping data for table `admins`
--

LOCK TABLES `admins` WRITE;
/*!40000 ALTER TABLE `admins` DISABLE KEYS */;
INSERT INTO `admins` (`id`, `username`, `password`, `fname`, `lname`, `email`, `address`, `title`, `active`, `mobile_no`, `city_id`, `company_id`, `country_id`, `admingroup_id`, `postal_code`, `created_at`, `updated_at`) VALUES (1,'super','$2y$10$ozLbFyC3diqtXozbwELOiuzXFViEhtKaC47Dsw4CzN8oKF/b.oft2','admin','admin','admin@super.com','a','Mr',1,'01014458144',1,1,1,1,'1','2023-01-21 14:01:47','2023-01-21 14:01:47'),(2,'speech','$2y$10$f4hEhGuM9jMvHhwEkLVePe1bkba67ZFg/yVQ1GiKYcdAcHONTdjji','admin','admin','admin@speech.com','a','Mr',1,'01020143943',1,2,1,1,'1','2023-01-24 15:52:46','2023-01-24 15:52:46'),(3,'Opal test','$2y$10$982oDOlNYQgYHjxvTovmsueMFhdGNEQBSS5NkEfb2LvHu0r0RwCbW','admin','admin','admin@Opaltest.com','a','Mr',1,'01016007440',1,3,1,1,'1','2023-01-26 14:34:45','2023-01-26 14:34:45'),(4,'wafaa test Company','$2y$10$51nlEH76LbdocP6OOYvJJ.8x.2veiEGCnxaAWtctO3zUQsn3kMXbe','admin','admin','admin@wafaatestCompany.com','a','Mr',1,'01020980699',1,4,1,1,'1','2023-05-14 21:24:34','2023-05-14 21:24:34'),(5,'geosystems','$2y$10$xc3TukFtY1GsphFA.aoAGe.3vLRxnLc4ohoufMZ5M8iDvE4vY049C','admin','admin','admin@geosystems.com','a','Mr',1,'01073497488',1,5,1,1,'1','2023-05-27 22:28:58','2023-05-27 22:28:58'),(6,'Pediatric speech Intelligibility','$2y$10$o/T1s4YTGsYcrRBGDb8swe5ZfKR84R0dEZTnOv88.dY86PN9Op5ee','admin','admin','admin@PediatricspeechIntelligibility.com','a','Mr',1,'01022370222',1,6,1,1,'1','2023-05-31 13:44:57','2023-05-31 13:44:57'),(7,'dss','$2y$10$PlqpH/x6c3fBVjKhu.o5ze06Tz.OpwdZPzstaHVYbZWx2IbYg.yla','admin','admin','admin@dss.com','a','Mr',1,'01029004217',1,7,1,1,'1','2023-06-04 16:34:26','2023-06-04 16:34:26'),(8,'Sahmtech','$2y$10$T.57VnYmQa1w7ztdY5C53.QHA/SrwNp8xIXqA35F/bqEojBRCSjlW','admin','admin','admin@Sahmtech.com','a','Mr',1,'01077471292',1,8,1,1,'1','2023-06-12 02:11:53','2023-06-12 02:11:53');
/*!40000 ALTER TABLE `admins` ENABLE KEYS */;
UNLOCK TABLES;

--
-- Table structure for table `answer_lists`
--

DROP TABLE IF EXISTS `answer_lists`;
/*!40101 SET @saved_cs_client     = @@character_set_client */;
/*!40101 SET character_set_client = utf8 */;
CREATE TABLE `answer_lists` (
  `id` bigint(20) unsigned NOT NULL AUTO_INCREMENT,
  `question_id` int(11) DEFAULT NULL,
  `type` text COLLATE utf8mb4_unicode_ci,
  `answer` varchar(255) COLLATE utf8mb4_unicode_ci DEFAULT NULL,
  `correct_answer` tinyint(1) NOT NULL DEFAULT '0',
  `created_at` timestamp NULL DEFAULT NULL,
  `updated_at` timestamp NULL DEFAULT NULL,
  PRIMARY KEY (`id`)
) ENGINE=InnoDB AUTO_INCREMENT=1891 DEFAULT CHARSET=utf8mb4 COLLATE=utf8mb4_unicode_ci;
/*!40101 SET character_set_client = @saved_cs_client */;

--
-- Dumping data for table `answer_lists`
--

LOCK TABLES `answer_lists` WRITE;
/*!40000 ALTER TABLE `answer_lists` DISABLE KEYS */;
INSERT INTO `answer_lists` (`id`, `question_id`, `type`, `answer`, `correct_answer`, `created_at`, `updated_at`) VALUES (8,8,'','answer-1302271299821609850202.jpeg',1,NULL,NULL),(41,1,'','answer-29839742658011607981554.jpg',0,NULL,NULL),(42,1,'','answer-8645925909471607981554.jpg',0,NULL,NULL),(43,1,'','answer-3447441990211607981554.jpeg',0,NULL,NULL),(44,1,'','answer-6104527903791607981554.jpeg',1,NULL,NULL),(45,1,'','answer-24646020313551607981554.jpeg',0,NULL,NULL),(46,2,'','answer-29839737734371607981674.jpg',0,NULL,NULL),(47,2,'','answer-8645925100131607981674.jpg',0,NULL,NULL),(48,2,'','answer-3447434224291607981674.jpeg',0,NULL,NULL),(49,2,'','answer-6104512841171607981674.jpeg',0,NULL,NULL),(50,2,'','answer-2464601111741607981674.jpeg',1,NULL,NULL),(51,3,'','answer-29839734361681607981910.jpg',1,NULL,NULL),(52,3,'','answer-3447440458541607981910.jpeg',0,NULL,NULL),(53,3,'','answer-864592777151607981910.jpg',0,NULL,NULL),(54,3,'','answer-24646019191371607981910.jpeg',0,NULL,NULL),(55,3,'','answer-6104546552291607981910.jpeg',0,NULL,NULL),(56,4,'','answer-13022738002461609796891.jpeg',0,NULL,NULL),(57,4,'','answer-3480541898901609796891.jpg',0,NULL,NULL),(58,4,'','answer-9006411206991609796891.jpeg',0,NULL,NULL),(59,4,'','answer-12647244759561609796891.jpeg',0,NULL,NULL),(60,4,'','answer-351181528961619023746.jpg',1,NULL,NULL),(61,5,'','answer-12518440577021609849675.jpg',0,NULL,NULL),(62,5,'','answer-14771536519851609849675.jpeg',0,NULL,NULL),(63,5,'','answer-6904716919631609849675.jpeg',0,NULL,NULL),(64,5,'','answer-6879713526301609849675.jpg',0,NULL,NULL),(65,5,'','answer-040317131609849675.png',1,NULL,NULL),(66,6,'','answer-13022736951191609849957.jpeg',0,NULL,NULL),(67,6,'','answer-3480527769321609849957.jpg',0,NULL,NULL),(68,6,'','answer-9006438396911609849957.jpeg',0,NULL,NULL),(69,6,'','answer-12647210408981609849957.jpeg',1,NULL,NULL),(70,6,'','answer-3511827489211619220354.jpg',0,NULL,NULL),(71,7,'','answer-13022734135601609850098.jpeg',0,NULL,NULL),(72,7,'','answer-3480542339591609850098.jpg',1,NULL,NULL),(73,7,'','answer-900642245711609850098.jpeg',0,NULL,NULL),(74,7,'','answer-12647240378221609850098.jpeg',0,NULL,NULL),(75,7,'','answer-351189906731609850098.jpg',0,NULL,NULL),(77,8,'','answer-348055480151609850202.jpg',0,NULL,NULL),(78,8,'','answer-9006420525841609850202.jpeg',0,NULL,NULL),(79,8,'','answer-12647238115801609850202.jpeg',0,NULL,NULL),(80,8,'','answer-3511835028791609850202.jpg',0,NULL,NULL),(81,9,'','answer-13022726598011609850316.jpeg',0,NULL,NULL),(82,9,'','answer-3480517429261609850316.jpg',0,NULL,NULL),(83,9,'','answer-900642041891609850316.jpeg',0,NULL,NULL),(84,9,'','answer-12647242700071609850316.jpeg',0,NULL,NULL),(85,9,'','answer-038979981609850668.',0,NULL,NULL),(86,10,'','answer-12518441567421609850511.jpg',0,NULL,NULL),(87,10,'','answer-14771535995171609850511.jpeg',0,NULL,NULL),(88,10,'','answer-690478262091609850511.jpeg',0,NULL,NULL),(89,10,'','answer-6879722691771609850511.jpg',0,NULL,NULL),(90,10,'','answer-028704091609850511.png',1,NULL,NULL),(91,11,'','answer-12518436852771609850583.jpg',0,NULL,NULL),(92,11,'','answer-14771541119071609850583.jpeg',0,NULL,NULL),(93,11,'','answer-6904728712341609850583.jpeg',0,NULL,NULL),(94,11,'','answer-6879747334941609850583.jpg',0,NULL,NULL),(95,11,'','answer-041941921609850599.',0,NULL,NULL),(96,12,'','answer-13022749611251609850842.jpeg',0,NULL,NULL),(97,12,'','answer-3480519870251609850842.jpg',0,NULL,NULL),(98,12,'','answer-9006429928481609850842.jpeg',1,NULL,NULL),(99,12,'','answer-12647226491551609850842.jpeg',0,NULL,NULL),(100,12,'','answer-3511830337971609850842.jpg',0,NULL,NULL),(101,13,'','answer-12518432060921609850944.jpg',0,NULL,NULL),(102,13,'','answer-14771540696051609850944.jpeg',0,NULL,NULL),(103,13,'','answer-6904736385351609850944.jpeg',0,NULL,NULL),(104,13,'','answer-6879734580231609850944.jpg',0,NULL,NULL),(105,13,'','answer-039100571609850944.png',1,NULL,NULL),(106,14,'','answer-12518439103491609854154.jpg',1,NULL,NULL),(107,14,'','answer-14771519879131609854154.jpeg',0,NULL,NULL),(108,14,'','answer-69047857841609854154.jpeg',0,NULL,NULL),(109,14,'','answer-6879718789461609854154.jpg',0,NULL,NULL),(110,14,'','answer-04370141609877702.',0,NULL,NULL),(111,15,'','answer-12518418605511609854358.jpg',0,NULL,NULL),(112,15,'','answer-14771535929271609854358.jpeg',1,NULL,NULL),(113,15,'','answer-6904729162721609854358.jpeg',0,NULL,NULL),(114,15,'','answer-6879747448041609854358.jpg',0,NULL,NULL),(115,15,'','answer-036143281609854358.png',0,NULL,NULL),(116,16,'','answer-12518420823661609854547.jpg',1,NULL,NULL),(117,16,'','answer-14771528196201609854547.jpeg',0,NULL,NULL),(118,16,'','answer-6904735727251609854547.jpeg',0,NULL,NULL),(119,16,'','answer-6879728631261609854547.jpg',0,NULL,NULL),(120,16,'','answer-01680921609854547.png',0,NULL,NULL),(121,17,'','answer-12518429180911609855232.jpg',0,NULL,NULL),(122,17,'','answer-14771510009331609855232.jpeg',0,NULL,NULL),(123,17,'','answer-690474141071609855232.jpeg',1,NULL,NULL),(124,17,'','answer-6879711849031609855232.jpg',0,NULL,NULL),(125,17,'','answer-047895491609855232.png',0,NULL,NULL),(126,18,'','answer-2588710802581609857047.jpg',0,NULL,NULL),(127,18,'','answer-1036457785851609857047.jpg',0,NULL,NULL),(128,18,'','answer-10457640042341609857047.jpeg',0,NULL,NULL),(129,18,'','answer-1685564580441609857047.jpeg',1,NULL,NULL),(130,18,'','answer-74181998171609857047.jpeg',0,NULL,NULL),(131,19,'','answer-258873202021609857168.jpg',0,NULL,NULL),(132,19,'','answer-10364530065961609857168.jpg',1,NULL,NULL),(133,19,'','answer-10457619101311609857168.jpeg',0,NULL,NULL),(134,19,'','answer-16855629883051609857168.jpeg',0,NULL,NULL),(135,19,'','answer-7418120464991609857168.jpeg',0,NULL,NULL),(136,20,'','answer-2588730357271609857290.jpg',0,NULL,NULL),(137,20,'','answer-10364526060051609857290.jpg',0,NULL,NULL),(138,20,'','answer-10457615427171609857290.jpeg',1,NULL,NULL),(139,20,'','answer-16855631811171609857290.jpeg',0,NULL,NULL),(140,20,'','answer-7418146257211609857290.jpeg',0,NULL,NULL),(141,21,'','answer-2588743567261609857390.jpg',1,NULL,NULL),(142,21,'','answer-10364526616581609857390.jpg',0,NULL,NULL),(143,21,'','answer-10457649288511609857390.jpeg',0,NULL,NULL),(144,21,'','answer-16855617031771609857390.jpeg',0,NULL,NULL),(145,21,'','answer-741815117171609857390.jpeg',0,NULL,NULL),(146,22,'','answer-2588717615621609857508.jpg',0,NULL,NULL),(147,22,'','answer-1036456147631609857508.jpg',0,NULL,NULL),(148,22,'','answer-1045762593951609857508.jpeg',0,NULL,NULL),(149,22,'','answer-16855625920361609857508.jpeg',0,NULL,NULL),(150,22,'','answer-7418136992791609857508.jpeg',1,NULL,NULL),(151,23,'','answer-29839746272091609857599.jpg',0,NULL,NULL),(152,23,'','answer-3447443460591609857599.jpeg',1,NULL,NULL),(153,23,'','answer-864594537241609857599.jpg',0,NULL,NULL),(154,23,'','answer-24646043145261609857599.jpeg',0,NULL,NULL),(155,23,'','answer-6104535826071609857599.jpeg',0,NULL,NULL),(156,24,'','answer-2983979735801609857674.jpg',0,NULL,NULL),(157,24,'','answer-3447420212661609857674.jpeg',0,NULL,NULL),(158,24,'','answer-864597866091609857674.jpg',0,NULL,NULL),(159,24,'','answer-24646032396081609857674.jpeg',1,NULL,NULL),(160,24,'','answer-6104518077581609857674.jpeg',0,NULL,NULL),(161,25,'','answer-29839746111371609857753.jpg',1,NULL,NULL),(162,25,'','answer-3447420345601609857753.jpeg',0,NULL,NULL),(163,25,'','answer-8645927343641609857753.jpg',0,NULL,NULL),(164,25,'','answer-24646020946851609857753.jpeg',0,NULL,NULL),(165,25,'','answer-6104511137931609857753.jpeg',0,NULL,NULL),(166,26,'','answer-29839710321691609857910.jpg',0,NULL,NULL),(167,26,'','answer-344747515321609857910.jpeg',0,NULL,NULL),(168,26,'','answer-8645936856101609857910.jpg',1,NULL,NULL),(169,26,'','answer-24646021022281609857910.jpeg',0,NULL,NULL),(170,26,'','answer-61045117831609857910.jpeg',0,NULL,NULL),(171,27,'','answer-29839717963931609858006.jpg',0,NULL,NULL),(172,27,'','answer-3447413312961609858006.jpeg',0,NULL,NULL),(173,27,'','answer-8645916297251609858006.jpg',0,NULL,NULL),(174,27,'','answer-24646025487621609858006.jpeg',0,NULL,NULL),(175,27,'','answer-61045433391609858006.jpeg',1,NULL,NULL),(176,28,'','answer-3511833812511609859908.jpg',1,NULL,NULL),(177,28,'','answer-12647242906041609859908.jpeg',0,NULL,NULL),(178,28,'','answer-13022724092371609859908.jpeg',0,NULL,NULL),(179,28,'','answer-3480526565881609859908.jpg',0,NULL,NULL),(180,28,'','answer-900646234781609859908.jpeg',0,NULL,NULL),(181,29,'','answer-3511836010731609867851.jpg',0,NULL,NULL),(182,29,'','answer-12647217916641609867851.jpeg',1,NULL,NULL),(183,29,'','answer-13022730630071609867851.jpeg',0,NULL,NULL),(184,29,'','answer-3480546164101609867851.jpg',0,NULL,NULL),(185,29,'','answer-9006447774521609867851.jpeg',0,NULL,NULL),(186,30,'','answer-3511835558311609867950.jpg',0,NULL,NULL),(187,30,'','answer-12647239116981609867950.jpeg',0,NULL,NULL),(188,30,'','answer-13022725596531609867950.jpeg',0,NULL,NULL),(189,30,'','answer-3480518928031609867950.jpg',1,NULL,NULL),(190,30,'','answer-9006417938001609867950.jpeg',0,NULL,NULL),(191,31,'','answer-3511817374881609868083.jpg',0,NULL,NULL),(192,31,'','answer-12647241919471609868083.jpeg',0,NULL,NULL),(193,31,'','answer-13022744135291609868083.jpeg',1,NULL,NULL),(194,31,'','answer-3480515118011609868083.jpg',0,NULL,NULL),(195,31,'','answer-9006424253981609868083.jpeg',0,NULL,NULL),(196,32,'','answer-3511836767901609868156.jpg',0,NULL,NULL),(197,32,'','answer-12647247480451609868156.jpeg',0,NULL,NULL),(198,32,'','answer-1302279126081609868156.jpeg',0,NULL,NULL),(199,32,'','answer-3480543518911609868156.jpg',0,NULL,NULL),(200,32,'','answer-900644879841609868156.jpeg',1,NULL,NULL),(201,33,'','answer-12518415241861609868684.jpg',0,NULL,NULL),(202,33,'','answer-14771529591901609868684.jpeg',0,NULL,NULL),(203,33,'','answer-6904747550271609868684.jpeg',0,NULL,NULL),(204,33,'','answer-687972761311609868684.jpg',0,NULL,NULL),(205,33,'','answer-02942041609868684.png',1,NULL,NULL),(206,34,'','answer-12518425370691609868766.jpg',1,NULL,NULL),(207,34,'','answer-14771525182311609868766.jpeg',0,NULL,NULL),(208,34,'','answer-6904737943491609868766.jpeg',0,NULL,NULL),(209,34,'','answer-687974358151609868766.jpg',0,NULL,NULL),(210,34,'','answer-026064241609868766.png',0,NULL,NULL),(211,35,'','answer-12518432738551609868850.jpg',0,NULL,NULL),(212,35,'','answer-1477157321631609868850.jpeg',0,NULL,NULL),(213,35,'','answer-6904723274241609868850.jpeg',0,NULL,NULL),(214,35,'','answer-6879715550791609868850.jpg',1,NULL,NULL),(215,35,'','answer-038891101609868850.png',0,NULL,NULL),(216,36,'','answer-1251849064591609868918.jpg',0,NULL,NULL),(217,36,'','answer-14771530681731609868918.jpeg',1,NULL,NULL),(218,36,'','answer-6904732435471609868918.jpeg',0,NULL,NULL),(219,36,'','answer-6879749930801609868918.jpg',0,NULL,NULL),(220,36,'','answer-024810361609868918.png',0,NULL,NULL),(221,37,'','answer-12518426645311609868994.jpg',0,NULL,NULL),(222,37,'','answer-14771514679851609868994.jpeg',0,NULL,NULL),(223,37,'','answer-6904730182071609868994.jpeg',1,NULL,NULL),(224,37,'','answer-6879729356941609868994.jpg',0,NULL,NULL),(225,37,'','answer-017098991609868994.png',0,NULL,NULL),(226,38,'','answer-2588737201571609869062.jpg',0,NULL,NULL),(227,38,'','answer-10364519042231609869062.jpg',0,NULL,NULL),(228,38,'','answer-10457649525111609869062.jpeg',0,NULL,NULL),(229,38,'','answer-16855624096731609869062.jpeg',1,NULL,NULL),(230,38,'','answer-7418128077651609869062.jpeg',0,NULL,NULL),(231,39,'','answer-2588743786361609869126.jpg',0,NULL,NULL),(232,39,'','answer-10364548424941609869126.jpg',1,NULL,NULL),(233,39,'','answer-104576786191609869126.jpeg',0,NULL,NULL),(234,39,'','answer-16855623565701609869126.jpeg',0,NULL,NULL),(235,39,'','answer-7418146210261609869126.jpeg',0,NULL,NULL),(236,40,'','answer-2588721735871609869198.jpg',0,NULL,NULL),(237,40,'','answer-10364527717101609869198.jpg',0,NULL,NULL),(238,40,'','answer-10457636924131609869198.jpeg',1,NULL,NULL),(239,40,'','answer-1685563011571609869198.jpeg',0,NULL,NULL),(240,40,'','answer-74181468661609869198.jpeg',0,NULL,NULL),(241,41,'','answer-2588725938801609869261.jpg',1,NULL,NULL),(242,41,'','answer-1036453837111609869261.jpg',0,NULL,NULL),(243,41,'','answer-10457632143881609869261.jpeg',0,NULL,NULL),(244,41,'','answer-16855645717131609869261.jpeg',0,NULL,NULL),(245,41,'','answer-7418136673931609869261.jpeg',0,NULL,NULL),(246,42,'','answer-2588732698741609869332.jpg',0,NULL,NULL),(247,42,'','answer-10364544741771609869332.jpg',0,NULL,NULL),(248,42,'','answer-10457634560621609869332.jpeg',0,NULL,NULL),(249,42,'','answer-16855641162051609869332.jpeg',0,NULL,NULL),(250,42,'','answer-741819837981609869332.jpeg',1,NULL,NULL),(251,43,'','answer-2983972021321609869408.jpg',0,NULL,NULL),(252,43,'','answer-3447426586451609869408.jpeg',1,NULL,NULL),(253,43,'','answer-8645921001761609869408.jpg',0,NULL,NULL),(254,43,'','answer-2464605524261609869408.jpeg',0,NULL,NULL),(255,43,'','answer-6104517919401609869408.jpeg',0,NULL,NULL),(256,44,'','answer-2983977916221609869502.jpg',0,NULL,NULL),(257,44,'','answer-3447439551211609869502.jpeg',0,NULL,NULL),(258,44,'','answer-8645913801741609869502.jpg',0,NULL,NULL),(259,44,'','answer-24646018372741609869502.jpeg',1,NULL,NULL),(260,44,'','answer-6104512305921609869502.jpeg',0,NULL,NULL),(261,45,'','answer-29839740339091609869578.jpg',1,NULL,NULL),(262,45,'','answer-344743383731609869578.jpeg',0,NULL,NULL),(263,45,'','answer-8645931308301609869578.jpg',0,NULL,NULL),(264,45,'','answer-24646044073851609869578.jpeg',0,NULL,NULL),(265,45,'','answer-61045137801609869578.jpeg',0,NULL,NULL),(266,46,'','answer-29839719009571609869650.jpg',0,NULL,NULL),(267,46,'','answer-344745686031609869650.jpeg',0,NULL,NULL),(268,46,'','answer-864598057051609869650.jpg',1,NULL,NULL),(269,46,'','answer-2464601610831609869650.jpeg',0,NULL,NULL),(270,46,'','answer-61045109831609869650.jpeg',0,NULL,NULL),(271,47,'','answer-2983975749261609869715.jpg',0,NULL,NULL),(272,47,'','answer-344745710751609869715.jpeg',0,NULL,NULL),(273,47,'','answer-8645932313321609869715.jpg',0,NULL,NULL),(274,47,'','answer-2464607584071609869715.jpeg',0,NULL,NULL),(275,47,'','answer-6104521685491609869715.jpeg',1,NULL,NULL),(276,48,'','answer-130227784241609870066.jpeg',0,NULL,NULL),(277,48,'','answer-3480518881221609870066.jpg',1,NULL,NULL),(278,48,'','answer-9006437712101609870066.jpeg',0,NULL,NULL),(279,48,'','answer-12647243722551609870066.jpeg',0,NULL,NULL),(280,48,'','answer-351186802421609870066.jpg',0,NULL,NULL),(281,49,'','answer-13022728261291609870133.jpeg',0,NULL,NULL),(282,49,'','answer-3480539226521609870133.jpg',0,NULL,NULL),(283,49,'','answer-9006439262711609870133.jpeg',0,NULL,NULL),(284,49,'','answer-12647225851609870133.jpeg',0,NULL,NULL),(285,49,'','answer-3511839895291609870133.jpg',1,NULL,NULL),(286,50,'','answer-13022733103681609870193.jpeg',0,NULL,NULL),(287,50,'','answer-3480524395981609870193.jpg',0,NULL,NULL),(288,50,'','answer-9006421130881609870193.jpeg',1,NULL,NULL),(289,50,'','answer-12647213759971609870193.jpeg',0,NULL,NULL),(290,50,'','answer-3511849546421609870193.jpg',0,NULL,NULL),(291,51,'','answer-13022741324841609870285.jpeg',1,NULL,NULL),(292,51,'','answer-3480516498071609870285.jpg',0,NULL,NULL),(293,51,'','answer-9006432402221609870285.jpeg',0,NULL,NULL),(294,51,'','answer-12647234983161609870285.jpeg',0,NULL,NULL),(295,51,'','answer-3511846688371609870285.jpg',0,NULL,NULL),(296,52,'','answer-1302278710571609870357.jpeg',0,NULL,NULL),(297,52,'','answer-348053963571609870357.jpg',0,NULL,NULL),(298,52,'','answer-9006424716841609870357.jpeg',0,NULL,NULL),(299,52,'','answer-12647226989691609870357.jpeg',1,NULL,NULL),(300,52,'','answer-351188262491609870357.jpg',0,NULL,NULL),(301,53,'','answer-12518442082421609875215.jpg',0,NULL,NULL),(302,53,'','answer-14771528296511609875215.jpeg',1,NULL,NULL),(303,53,'','answer-6904721369541609875215.jpeg',0,NULL,NULL),(304,53,'','answer-6879730856691609875215.jpg',0,NULL,NULL),(305,53,'','answer-0257421609884202.',0,NULL,NULL),(306,54,'','answer-12518414870641609875352.jpg',0,NULL,NULL),(307,54,'','answer-14771540302721609875352.jpeg',0,NULL,NULL),(308,54,'','answer-690479254001609875352.jpeg',0,NULL,NULL),(309,54,'','answer-6879713068361609875352.jpg',1,NULL,NULL),(310,54,'','answer-032756381609875352.png',0,NULL,NULL),(311,55,'','answer-12518448061951609877200.jpg',0,NULL,NULL),(312,55,'','answer-14771538502661609877200.jpeg',0,NULL,NULL),(313,55,'','answer-6904733445901609877200.jpeg',0,NULL,NULL),(314,55,'','answer-687971842771609877200.jpg',0,NULL,NULL),(315,55,'','answer-029218111609877200.png',1,NULL,NULL),(316,56,'','answer-12518431483971609877407.jpg',0,NULL,NULL),(317,56,'','answer-14771521692581609877407.jpeg',0,NULL,NULL),(318,56,'','answer-6904716925961609877407.jpeg',0,NULL,NULL),(319,56,'','answer-6879723341021609877407.jpg',0,NULL,NULL),(320,56,'','answer-019847381609877407.png',0,NULL,NULL),(321,57,'','answer-12518415582041609877500.jpg',1,NULL,NULL),(322,57,'','answer-14771513816351609877500.jpeg',0,NULL,NULL),(323,57,'','answer-6904713357011609877500.jpeg',0,NULL,NULL),(324,57,'','answer-6879748396181609877500.jpg',0,NULL,NULL),(325,57,'','answer-021675811609877500.png',0,NULL,NULL),(326,58,'','answer-258875976251609880613.jpg',0,NULL,NULL),(327,58,'','answer-10364534556351609880613.jpg',0,NULL,NULL),(328,58,'','answer-1045761611391609880613.jpeg',1,NULL,NULL),(329,58,'','answer-1685564821941609880613.jpeg',0,NULL,NULL),(330,58,'','answer-7418144142451609880613.jpeg',0,NULL,NULL),(331,59,'','answer-2588743398521609880682.jpg',1,NULL,NULL),(332,59,'','answer-10364537028961609880682.jpg',0,NULL,NULL),(333,59,'','answer-10457620391331609880682.jpeg',0,NULL,NULL),(334,59,'','answer-1685561192711609880682.jpeg',0,NULL,NULL),(335,59,'','answer-7418130319601609880682.jpeg',0,NULL,NULL),(336,60,'','answer-2588744708971609880750.jpg',0,NULL,NULL),(337,60,'','answer-10364548344791609880750.jpg',0,NULL,NULL),(338,60,'','answer-1045764915741609880750.jpeg',0,NULL,NULL),(339,60,'','answer-16855640073831609880750.jpeg',0,NULL,NULL),(340,60,'','answer-74181131291609880750.jpeg',1,NULL,NULL),(341,61,'','answer-2588710689461609880806.jpg',0,NULL,NULL),(342,61,'','answer-10364510473371609880806.jpg',1,NULL,NULL),(343,61,'','answer-10457628133241609880806.jpeg',0,NULL,NULL),(344,61,'','answer-16855649138291609880806.jpeg',0,NULL,NULL),(345,61,'','answer-08592241609880819.',0,NULL,NULL),(346,62,'','answer-25887317751609880945.jpg',0,NULL,NULL),(347,62,'','answer-10364546099621609880945.jpg',1,NULL,NULL),(348,62,'','answer-10457625644491609880945.jpeg',0,NULL,NULL),(349,62,'','answer-16855648494241609880945.jpeg',0,NULL,NULL),(350,62,'','answer-741812836431609880945.jpeg',0,NULL,NULL),(351,63,'','answer-2588744980201609881059.jpg',0,NULL,NULL),(352,63,'','answer-103645144041609881059.jpg',0,NULL,NULL),(353,63,'','answer-1045766729841609881059.jpeg',0,NULL,NULL),(354,63,'','answer-16855615191751609881059.jpeg',0,NULL,NULL),(355,63,'','answer-7418131048211609881059.jpeg',0,NULL,NULL),(356,64,'','answer-2588747991031609881130.jpg',0,NULL,NULL),(357,64,'','answer-10364538503321609881130.jpg',0,NULL,NULL),(358,64,'','answer-10457621419561609881130.jpeg',0,NULL,NULL),(359,64,'','answer-1685561681341609881130.jpeg',1,NULL,NULL),(360,64,'','answer-7418136361911609881130.jpeg',0,NULL,NULL),(361,65,'','answer-29839733555161609882072.jpg',0,NULL,NULL),(362,65,'','answer-3447421526191609882072.jpeg',0,NULL,NULL),(363,65,'','answer-8645946756821609882072.jpg',0,NULL,NULL),(364,65,'','answer-24646043963001609882072.jpeg',0,NULL,NULL),(365,65,'','answer-6104545697521609882072.jpeg',1,NULL,NULL),(366,66,'','answer-29839745450171609882141.jpg',0,NULL,NULL),(367,66,'','answer-3447436311501609882141.jpeg',0,NULL,NULL),(368,66,'','answer-864597335101609882141.jpg',0,NULL,NULL),(369,66,'','answer-24646019954321609882141.jpeg',1,NULL,NULL),(370,66,'','answer-6104511683511609882141.jpeg',0,NULL,NULL),(371,67,'','answer-29839746160891609882199.jpg',1,NULL,NULL),(372,67,'','answer-3447420619781609882199.jpeg',0,NULL,NULL),(373,67,'','answer-8645932339631609882199.jpg',0,NULL,NULL),(374,67,'','answer-2464608420571609882199.jpeg',0,NULL,NULL),(375,67,'','answer-6104534288181609882199.jpeg',0,NULL,NULL),(376,68,'','answer-29839728361361609882263.jpg',0,NULL,NULL),(377,68,'','answer-3447421728391609882263.jpeg',1,NULL,NULL),(378,68,'','answer-8645913490741609882263.jpg',0,NULL,NULL),(379,68,'','answer-24646018262601609882263.jpeg',0,NULL,NULL),(380,68,'','answer-610451858211609882263.jpeg',0,NULL,NULL),(381,69,'','answer-29839724586521609882319.jpg',0,NULL,NULL),(382,69,'','answer-3447449951251609882319.jpeg',0,NULL,NULL),(383,69,'','answer-8645931448391609882319.jpg',1,NULL,NULL),(384,69,'','answer-2464607014161609882319.jpeg',0,NULL,NULL),(385,69,'','answer-6104543134381609882319.jpeg',0,NULL,NULL),(386,70,'','answer-13022716303591609883677.jpeg',0,NULL,NULL),(387,70,'','answer-3480522419611609883677.jpg',1,NULL,NULL),(388,70,'','answer-9006426076011609883677.jpeg',0,NULL,NULL),(389,70,'','answer-12647235835541609883677.jpeg',0,NULL,NULL),(390,70,'','answer-3511813498511609883677.jpg',0,NULL,NULL),(391,71,'','answer-13022714141621609883861.jpeg',0,NULL,NULL),(392,71,'','answer-348058220511609883861.jpg',0,NULL,NULL),(393,71,'','answer-900647423331609883861.jpeg',0,NULL,NULL),(394,71,'','answer-12647214257391609883861.jpeg',0,NULL,NULL),(395,71,'','answer-351187941741609883861.jpg',1,NULL,NULL),(396,72,'','answer-13022735541651609883932.jpeg',1,NULL,NULL),(397,72,'','answer-348052895281609883932.jpg',0,NULL,NULL),(398,72,'','answer-900646836621609883932.jpeg',0,NULL,NULL),(399,72,'','answer-12647219996921609883932.jpeg',0,NULL,NULL),(400,72,'','answer-3511839832391609883932.jpg',0,NULL,NULL),(401,73,'','answer-13022744534681609884003.jpeg',0,NULL,NULL),(402,73,'','answer-3480537651311609884003.jpg',0,NULL,NULL),(403,73,'','answer-9006426441101609884003.jpeg',0,NULL,NULL),(404,73,'','answer-12647223098261609884003.jpeg',1,NULL,NULL),(405,73,'','answer-351184502541609884003.jpg',0,NULL,NULL),(406,74,'','answer-13022737920521609884093.jpeg',0,NULL,NULL),(407,74,'','answer-3480519761081609884093.jpg',0,NULL,NULL),(408,74,'','answer-900649133311609884093.jpeg',1,NULL,NULL),(409,74,'','answer-12647247139271609884093.jpeg',0,NULL,NULL),(410,74,'','answer-3511820993321609884093.jpg',0,NULL,NULL),(411,75,'','answer-1251845323041609884177.jpg',0,NULL,NULL),(412,75,'','answer-14771525426971609884177.jpeg',0,NULL,NULL),(413,75,'','answer-6904717069301609884177.jpeg',0,NULL,NULL),(414,75,'','answer-6879741815601609884177.jpg',1,NULL,NULL),(415,75,'','answer-027805591609884177.png',0,NULL,NULL),(416,76,'','answer-12518418976011609884242.jpg',0,NULL,NULL),(417,76,'','answer-14771544136201609884242.jpeg',0,NULL,NULL),(418,76,'','answer-690475032461609884242.jpeg',1,NULL,NULL),(419,76,'','answer-687979397651609884242.jpg',0,NULL,NULL),(420,76,'','answer-032906271609884242.png',0,NULL,NULL),(421,77,'','answer-12518443198191609884305.jpg',0,NULL,NULL),(422,77,'','answer-14771545061061609884305.jpeg',0,NULL,NULL),(423,77,'','answer-6904747898061609884305.jpeg',0,NULL,NULL),(424,77,'','answer-687972798491609884305.jpg',0,NULL,NULL),(425,77,'','answer-019108371609884305.png',1,NULL,NULL),(426,78,'','answer-12518435452331609884372.jpg',1,NULL,NULL),(427,78,'','answer-14771521558781609884372.jpeg',0,NULL,NULL),(428,78,'','answer-6904721979401609884372.jpeg',0,NULL,NULL),(429,78,'','answer-6879716977161609884372.jpg',0,NULL,NULL),(430,78,'','answer-02009201609884372.png',0,NULL,NULL),(431,79,'','answer-12518427881751609884437.jpg',0,NULL,NULL),(432,79,'','answer-14771546855151609884437.jpeg',1,NULL,NULL),(433,79,'','answer-6904710009931609884437.jpeg',0,NULL,NULL),(434,79,'','answer-6879725317411609884437.jpg',0,NULL,NULL),(435,79,'','answer-012801601609884437.png',0,NULL,NULL),(436,80,'','answer-2588712774761609884541.jpg',0,NULL,NULL),(437,80,'','answer-10364526735571609884541.jpg',0,NULL,NULL),(438,80,'','answer-10457631519801609884541.jpeg',1,NULL,NULL),(439,80,'','answer-16855648582041609884541.jpeg',0,NULL,NULL),(440,80,'','answer-741812582161609884541.jpeg',0,NULL,NULL),(441,81,'','answer-2588721711581609884619.jpg',0,NULL,NULL),(442,81,'','answer-1036455813131609884619.jpg',0,NULL,NULL),(443,81,'','answer-10457643458731609884619.jpeg',0,NULL,NULL),(444,81,'','answer-16855639382341609884619.jpeg',1,NULL,NULL),(445,81,'','answer-7418122182331609884619.jpeg',0,NULL,NULL),(446,82,'','answer-2588736688121609884682.jpg',1,NULL,NULL),(447,82,'','answer-10364514986751609884682.jpg',0,NULL,NULL),(448,82,'','answer-10457649980831609884682.jpeg',0,NULL,NULL),(449,82,'','answer-16855626868191609884682.jpeg',0,NULL,NULL),(450,82,'','answer-741818573351609884682.jpeg',0,NULL,NULL),(451,83,'','answer-2588719057471609884753.jpg',0,NULL,NULL),(452,83,'','answer-10364536641411609884753.jpg',1,NULL,NULL),(453,83,'','answer-10457648440061609884753.jpeg',0,NULL,NULL),(454,83,'','answer-16855617813361609884753.jpeg',0,NULL,NULL),(455,83,'','answer-741816417001609884753.jpeg',0,NULL,NULL),(456,84,'','answer-2588734087311609884832.jpg',0,NULL,NULL),(457,84,'','answer-10364543503131609884832.jpg',0,NULL,NULL),(458,84,'','answer-10457646819371609884832.jpeg',0,NULL,NULL),(459,84,'','answer-16855648128271609884832.jpeg',0,NULL,NULL),(460,84,'','answer-7418111638241609884832.jpeg',1,NULL,NULL),(461,85,'','answer-29839747838931609884913.jpg',0,NULL,NULL),(462,85,'','answer-3447420597871609884913.jpeg',0,NULL,NULL),(463,85,'','answer-8645918535431609884913.jpg',0,NULL,NULL),(464,85,'','answer-24646037223861609884913.jpeg',1,NULL,NULL),(465,85,'','answer-6104517769141609884913.jpeg',0,NULL,NULL),(466,86,'','answer-29839720160951609884980.jpg',0,NULL,NULL),(467,86,'','answer-3447433903011609884980.jpeg',0,NULL,NULL),(468,86,'','answer-8645935760221609884980.jpg',1,NULL,NULL),(469,86,'','answer-24646028263111609884980.jpeg',0,NULL,NULL),(470,86,'','answer-610457069451609884980.jpeg',0,NULL,NULL),(471,87,'','answer-29839743038851609885038.jpg',0,NULL,NULL),(472,87,'','answer-3447413154121609885038.jpeg',1,NULL,NULL),(473,87,'','answer-864598531821609885038.jpg',0,NULL,NULL),(474,87,'','answer-24646024157771609885038.jpeg',0,NULL,NULL),(475,87,'','answer-6104545437541609885038.jpeg',0,NULL,NULL),(476,88,'','answer-29839712223041609885126.jpg',1,NULL,NULL),(477,88,'','answer-3447447580681609885126.jpeg',0,NULL,NULL),(478,88,'','answer-8645934522601609885126.jpg',0,NULL,NULL),(479,88,'','answer-2464602891271609885126.jpeg',0,NULL,NULL),(480,88,'','answer-6104546726381609885126.jpeg',0,NULL,NULL),(481,89,'','answer-29839718052011609885221.jpg',0,NULL,NULL),(482,89,'','answer-3447419038231609885221.jpeg',0,NULL,NULL),(483,89,'','answer-864597083301609885221.jpg',0,NULL,NULL),(484,89,'','answer-24646044545721609885221.jpeg',0,NULL,NULL),(485,89,'','answer-6104539467771609885221.jpeg',1,NULL,NULL),(486,90,'','answer-1302275166941609885307.jpeg',0,NULL,NULL),(487,90,'','answer-3480548634711609885307.jpg',1,NULL,NULL),(488,90,'','answer-9006435149651609885307.jpeg',0,NULL,NULL),(489,90,'','answer-1264726991601609885307.jpeg',0,NULL,NULL),(490,90,'','answer-351184795611609885307.jpg',0,NULL,NULL),(491,91,'','answer-1302274629281609885386.jpeg',0,NULL,NULL),(492,91,'','answer-3480542510131609885386.jpg',0,NULL,NULL),(493,91,'','answer-9006415207811609885386.jpeg',0,NULL,NULL),(494,91,'','answer-12647239309821609885386.jpeg',0,NULL,NULL),(495,91,'','answer-3511838596761609885386.jpg',1,NULL,NULL),(496,92,'','answer-13022740830411609885440.jpeg',1,NULL,NULL),(497,92,'','answer-348056275151609885440.jpg',0,NULL,NULL),(498,92,'','answer-9006444299861609885440.jpeg',0,NULL,NULL),(499,92,'','answer-1264726441931609885440.jpeg',0,NULL,NULL),(500,92,'','answer-3511828830951609885440.jpg',0,NULL,NULL),(501,93,'','answer-13022714407161609885560.jpeg',0,NULL,NULL),(502,93,'','answer-3480538513531609885560.jpg',0,NULL,NULL),(503,93,'','answer-9006444825621609885560.jpeg',0,NULL,NULL),(504,93,'','answer-12647215153521609885560.jpeg',1,NULL,NULL),(505,93,'','answer-3511839395241609885560.jpg',0,NULL,NULL),(506,94,'','answer-13022748876661609885667.jpeg',0,NULL,NULL),(507,94,'','answer-3480519762771609885667.jpg',0,NULL,NULL),(508,94,'','answer-9006417682681609885667.jpeg',1,NULL,NULL),(509,94,'','answer-12647238125791609885667.jpeg',0,NULL,NULL),(510,94,'','answer-3511847632641609885667.jpg',0,NULL,NULL),(511,95,'','answer-12518427623711609885740.jpg',0,NULL,NULL),(512,95,'','answer-14771533835641609885740.jpeg',0,NULL,NULL),(513,95,'','answer-6904732055441609885740.jpeg',0,NULL,NULL),(514,95,'','answer-6879715207361609885740.jpg',1,NULL,NULL),(515,95,'','answer-026468371609885740.png',0,NULL,NULL),(516,96,'','answer-1251848047491609885806.jpg',0,NULL,NULL),(517,96,'','answer-14771510660791609885806.jpeg',0,NULL,NULL),(518,96,'','answer-6904737084491609885806.jpeg',1,NULL,NULL),(519,96,'','answer-6879719116511609885806.jpg',0,NULL,NULL),(520,96,'','answer-037067711609885806.png',0,NULL,NULL),(521,97,'','answer-12518442669381609885868.jpg',0,NULL,NULL),(522,97,'','answer-14771522020541609885868.jpeg',0,NULL,NULL),(523,97,'','answer-6904734801991609885868.jpeg',0,NULL,NULL),(524,97,'','answer-687973607441609885868.jpg',0,NULL,NULL),(525,97,'','answer-049131741609885868.png',1,NULL,NULL),(526,98,'','answer-12518416654441609885938.jpg',1,NULL,NULL),(527,98,'','answer-14771534742501609885938.jpeg',0,NULL,NULL),(528,98,'','answer-6904712615111609885938.jpeg',0,NULL,NULL),(529,98,'','answer-6879712887821609885938.jpg',0,NULL,NULL),(530,98,'','answer-024717051609885938.png',0,NULL,NULL),(531,99,'','answer-12518433930351609886001.jpg',0,NULL,NULL),(532,99,'','answer-147715333591609886001.jpeg',1,NULL,NULL),(533,99,'','answer-6904726594981609886001.jpeg',0,NULL,NULL),(534,99,'','answer-687973259791609886001.jpg',0,NULL,NULL),(535,99,'','answer-046059771609886001.png',0,NULL,NULL),(536,100,'','answer-2588742584911609886069.jpg',0,NULL,NULL),(537,100,'','answer-10364515858491609886069.jpg',0,NULL,NULL),(538,100,'','answer-10457646545821609886069.jpeg',1,NULL,NULL),(539,100,'','answer-1685565184691609886069.jpeg',0,NULL,NULL),(540,100,'','answer-7418144395211609886069.jpeg',0,NULL,NULL),(541,101,'','answer-2588747030841609886130.jpg',0,NULL,NULL),(542,101,'','answer-10364549367061609886130.jpg',0,NULL,NULL),(543,101,'','answer-10457630426761609886130.jpeg',0,NULL,NULL),(544,101,'','answer-16855621262721609886130.jpeg',1,NULL,NULL),(545,101,'','answer-741812635661609886130.jpeg',0,NULL,NULL),(546,102,'','answer-2588718657441609886187.jpg',1,NULL,NULL),(547,102,'','answer-10364511069021609886187.jpg',0,NULL,NULL),(548,102,'','answer-10457627198701609886187.jpeg',0,NULL,NULL),(549,102,'','answer-16855643307781609886187.jpeg',0,NULL,NULL),(550,102,'','answer-7418127337291609886187.jpeg',0,NULL,NULL),(551,103,'','answer-258877978821609886246.jpg',0,NULL,NULL),(552,103,'','answer-10364515769321609886246.jpg',1,NULL,NULL),(553,103,'','answer-10457625188361609886246.jpeg',0,NULL,NULL),(554,103,'','answer-1685567068591609886246.jpeg',0,NULL,NULL),(555,103,'','answer-7418112432681609886246.jpeg',0,NULL,NULL),(556,104,'','answer-258876345831609886308.jpg',0,NULL,NULL),(557,104,'','answer-10364549372181609886308.jpg',0,NULL,NULL),(558,104,'','answer-1045764584031609886308.jpeg',0,NULL,NULL),(559,104,'','answer-16855644992261609886308.jpeg',0,NULL,NULL),(560,104,'','answer-7418149881761609886308.jpeg',1,NULL,NULL),(561,105,'','answer-29839725214231609886376.jpg',0,NULL,NULL),(562,105,'','answer-3447416234731609886376.jpeg',0,NULL,NULL),(563,105,'','answer-864596967661609886376.jpg',0,NULL,NULL),(564,105,'','answer-24646049871851609886376.jpeg',1,NULL,NULL),(565,105,'','answer-6104524568801609886376.jpeg',0,NULL,NULL),(566,106,'','answer-29839741766751609886454.jpg',0,NULL,NULL),(567,106,'','answer-3447414850661609886454.jpeg',0,NULL,NULL),(568,106,'','answer-8645911712541609886454.jpg',1,NULL,NULL),(569,106,'','answer-24646015977041609886454.jpeg',0,NULL,NULL),(570,106,'','answer-6104517241701609886454.jpeg',0,NULL,NULL),(571,107,'','answer-29839741597451609886512.jpg',0,NULL,NULL),(572,107,'','answer-3447411455751609886512.jpeg',1,NULL,NULL),(573,107,'','answer-8645945460541609886512.jpg',0,NULL,NULL),(574,107,'','answer-24646041411281609886512.jpeg',0,NULL,NULL),(575,107,'','answer-6104535731681609886512.jpeg',0,NULL,NULL),(576,108,'','answer-29839733322041609886578.jpg',1,NULL,NULL),(577,108,'','answer-3447437522221609886578.jpeg',0,NULL,NULL),(578,108,'','answer-8645949509371609886578.jpg',0,NULL,NULL),(579,108,'','answer-24646036463901609886578.jpeg',0,NULL,NULL),(580,108,'','answer-6104520269331609886578.jpeg',0,NULL,NULL),(581,109,'','answer-29839729484711609886632.jpg',0,NULL,NULL),(582,109,'','answer-3447445828131609886632.jpeg',0,NULL,NULL),(583,109,'','answer-864592478551609886632.jpg',0,NULL,NULL),(584,109,'','answer-24646035198751609886632.jpeg',0,NULL,NULL),(585,109,'','answer-6104530068581609886632.jpeg',1,NULL,NULL),(586,110,'','answer-1302276169291609886696.jpeg',0,NULL,NULL),(587,110,'','answer-3480540538971609886696.jpg',0,NULL,NULL),(588,110,'','answer-9006449757181609886696.jpeg',1,NULL,NULL),(589,110,'','answer-1264725027091609886696.jpeg',0,NULL,NULL),(590,110,'','answer-3511836547691619221073.jpg',0,NULL,NULL),(591,111,'','answer-13022746891321609886753.jpeg',0,NULL,NULL),(592,111,'','answer-348052105131609886753.jpg',0,NULL,NULL),(593,111,'','answer-900641236341609886753.jpeg',0,NULL,NULL),(594,111,'','answer-12647212101471609886753.jpeg',1,NULL,NULL),(595,111,'','answer-3511832072131619221995.jpg',0,NULL,NULL),(596,112,'','answer-13022736677101609886818.jpeg',0,NULL,NULL),(597,112,'','answer-348055290871609886818.jpg',0,NULL,NULL),(598,112,'','answer-9006431390031609886818.jpeg',0,NULL,NULL),(599,112,'','answer-12647236596821609886818.jpeg',0,NULL,NULL),(600,112,'','answer-3511817672961609886818.jpg',1,NULL,NULL),(601,113,'','answer-1302271825291609886886.jpeg',1,NULL,NULL),(602,113,'','answer-3480540007011609886886.jpg',0,NULL,NULL),(603,113,'','answer-9006442300711609886886.jpeg',0,NULL,NULL),(604,113,'','answer-12647238553091609886886.jpeg',0,NULL,NULL),(605,113,'','answer-3511812545191609886886.jpg',0,NULL,NULL),(606,114,'','answer-13022736206891609886950.jpeg',0,NULL,NULL),(607,114,'','answer-348051454791609886950.jpg',0,NULL,NULL),(608,114,'','answer-9006410759311609886950.jpeg',0,NULL,NULL),(609,114,'','answer-1264728134261609886950.jpeg',0,NULL,NULL),(610,114,'','answer-04221801610296288.',0,NULL,NULL),(611,115,'','answer-12518448359091609887037.jpg',0,NULL,NULL),(612,115,'','answer-14771542431561609887037.jpeg',0,NULL,NULL),(613,115,'','answer-6904713959541609887037.jpeg',0,NULL,NULL),(614,115,'','answer-6879724848221609887037.jpg',1,NULL,NULL),(615,115,'','answer-015756551609887037.png',0,NULL,NULL),(616,116,'','answer-12518445175461609887107.jpg',0,NULL,NULL),(617,116,'','answer-14771542410671609887107.jpeg',0,NULL,NULL),(618,116,'','answer-6904724653611609887107.jpeg',1,NULL,NULL),(619,116,'','answer-6879730762231609887107.jpg',0,NULL,NULL),(620,116,'','answer-046176931609887107.png',0,NULL,NULL),(621,117,'','answer-1251846397141609887172.jpg',0,NULL,NULL),(622,117,'','answer-14771546568811609887172.jpeg',1,NULL,NULL),(623,117,'','answer-6904748365171609887172.jpeg',0,NULL,NULL),(624,117,'','answer-6879747148281609887172.jpg',0,NULL,NULL),(625,117,'','answer-04100761609887172.png',0,NULL,NULL),(626,118,'','answer-12518443199781609887240.jpg',1,NULL,NULL),(627,118,'','answer-14771528747291609887240.jpeg',0,NULL,NULL),(628,118,'','answer-690474038671609887240.jpeg',0,NULL,NULL),(629,118,'','answer-6879726017891609887240.jpg',0,NULL,NULL),(630,118,'','answer-08014971609887240.png',0,NULL,NULL),(631,119,'','answer-12518439164721609887305.jpg',0,NULL,NULL),(632,119,'','answer-1477156256571609887305.jpeg',0,NULL,NULL),(633,119,'','answer-6904713464811609887305.jpeg',0,NULL,NULL),(634,119,'','answer-687973961201609887305.jpg',0,NULL,NULL),(635,119,'','answer-035284661609887305.png',1,NULL,NULL),(636,120,'','answer-258879007411609887401.jpg',0,NULL,NULL),(637,120,'','answer-10364535328451609887401.jpg',0,NULL,NULL),(638,120,'','answer-10457613760341609887401.jpeg',0,NULL,NULL),(639,120,'','answer-16855614185941609887401.jpeg',0,NULL,NULL),(640,120,'','answer-7418111426251609887401.jpeg',1,NULL,NULL),(641,121,'','answer-2588739556851609887467.jpg',0,NULL,NULL),(642,121,'','answer-10364549012871609887467.jpg',0,NULL,NULL),(643,121,'','answer-10457613729171609887467.jpeg',0,NULL,NULL),(644,121,'','answer-1685568473771609887467.jpeg',1,NULL,NULL),(645,121,'','answer-7418136489071609887467.jpeg',0,NULL,NULL),(646,122,'','answer-258878356261609887531.jpg',0,NULL,NULL),(647,122,'','answer-10364549909861609887531.jpg',0,NULL,NULL),(648,122,'','answer-10457641289351609887531.jpeg',1,NULL,NULL),(649,122,'','answer-16855618242531609887531.jpeg',0,NULL,NULL),(650,122,'','answer-7418138891741609887531.jpeg',0,NULL,NULL),(651,123,'','answer-2588715563301609887588.jpg',0,NULL,NULL),(652,123,'','answer-10364528686171609887588.jpg',1,NULL,NULL),(653,123,'','answer-1045768903821609887588.jpeg',0,NULL,NULL),(654,123,'','answer-16855611917431609887588.jpeg',0,NULL,NULL),(655,123,'','answer-741817431261609887588.jpeg',0,NULL,NULL),(656,124,'','answer-2588730503211609887650.jpg',1,NULL,NULL),(657,124,'','answer-10364549523691609887650.jpg',0,NULL,NULL),(658,124,'','answer-10457630424091609887650.jpeg',0,NULL,NULL),(659,124,'','answer-16855649842061609887650.jpeg',0,NULL,NULL),(660,124,'','answer-7418120564931609887650.jpeg',0,NULL,NULL),(661,125,'','answer-2983972317691609890099.jpg',0,NULL,NULL),(662,125,'','answer-3447413385401609890099.jpeg',0,NULL,NULL),(663,125,'','answer-8645933954691609890099.jpg',0,NULL,NULL),(664,125,'','answer-24646023694321609890099.jpeg',0,NULL,NULL),(665,125,'','answer-610451319571609890099.jpeg',1,NULL,NULL),(666,126,'','answer-2983979619141609890173.jpg',0,NULL,NULL),(667,126,'','answer-3447430674131609890173.jpeg',1,NULL,NULL),(668,126,'','answer-8645949352781609890173.jpg',0,NULL,NULL),(669,126,'','answer-24646026064161609890173.jpeg',0,NULL,NULL),(670,126,'','answer-6104537248851609890173.jpeg',0,NULL,NULL),(671,127,'','answer-2983978075501609890240.jpg',0,NULL,NULL),(672,127,'','answer-344745599751609890240.jpeg',0,NULL,NULL),(673,127,'','answer-864599905961609890240.jpg',0,NULL,NULL),(674,127,'','answer-24646021496981609890240.jpeg',1,NULL,NULL),(675,127,'','answer-6104534069841609890240.jpeg',0,NULL,NULL),(676,128,'','answer-29839713960281609890313.jpg',0,NULL,NULL),(677,128,'','answer-344744642261609890313.jpeg',0,NULL,NULL),(678,128,'','answer-8645932501391609890313.jpg',1,NULL,NULL),(679,128,'','answer-24646027091711609890313.jpeg',0,NULL,NULL),(680,128,'','answer-6104528895891609890313.jpeg',0,NULL,NULL),(681,129,'','answer-29839745669801609890382.jpg',1,NULL,NULL),(682,129,'','answer-3447410392601609890382.jpeg',0,NULL,NULL),(683,129,'','answer-8645912075831609890382.jpg',0,NULL,NULL),(684,129,'','answer-24646037977331609890382.jpeg',0,NULL,NULL),(685,129,'','answer-610458250441609890382.jpeg',0,NULL,NULL),(686,130,'','answer-436479202261609891668.JPG',1,NULL,NULL),(687,130,'','answer-9268535383391609891668.jpg',0,NULL,NULL),(688,130,'','answer-5502228495501609891668.jpeg',0,NULL,NULL),(689,130,'','answer-22148039025201609891668.jpg',0,NULL,NULL),(690,130,'','answer-4566141850391609891668.jpeg',0,NULL,NULL),(691,131,'','answer-436477248781609891740.JPG',0,NULL,NULL),(692,131,'','answer-926851994421609891740.jpg',1,NULL,NULL),(693,131,'','answer-5502248172201609891740.jpeg',0,NULL,NULL),(694,131,'','answer-22148046238561609891740.jpg',0,NULL,NULL),(695,131,'','answer-4566121652551609891740.jpeg',0,NULL,NULL),(696,132,'','answer-436472602731609891817.JPG',0,NULL,NULL),(697,132,'','answer-9268538946251609891817.jpg',0,NULL,NULL),(698,132,'','answer-550228326151609891817.jpeg',0,NULL,NULL),(699,132,'','answer-2214806582871609891817.jpg',0,NULL,NULL),(700,132,'','answer-4566137575021609891817.jpeg',1,NULL,NULL),(701,133,'','answer-4364717977691609892147.JPG',0,NULL,NULL),(702,133,'','answer-9268511323881609892147.jpg',0,NULL,NULL),(703,133,'','answer-5502214085181609892147.jpeg',0,NULL,NULL),(704,133,'','answer-22148031557281609892147.jpg',1,NULL,NULL),(705,133,'','answer-27946939525581609892147.jpg',0,NULL,NULL),(706,134,'','answer-4364719228281609892230.JPG',0,NULL,NULL),(707,134,'','answer-926853836541609892230.jpg',0,NULL,NULL),(708,134,'','answer-5502220583971609892230.jpeg',1,NULL,NULL),(709,134,'','answer-22148020845321609892230.jpg',0,NULL,NULL),(710,134,'','answer-4566148986591609892230.jpeg',0,NULL,NULL),(711,135,'','answer-436474565791609892294.JPG',0,NULL,NULL),(712,135,'','answer-9268517785941609892294.jpg',0,NULL,NULL),(713,135,'','answer-5502223787671609892294.jpeg',0,NULL,NULL),(714,135,'','answer-22148015681821609892294.jpg',1,NULL,NULL),(715,135,'','answer-4566117952491609892294.jpeg',0,NULL,NULL),(716,136,'','answer-4364718348251609892356.JPG',0,NULL,NULL),(717,136,'','answer-9268512231621609892356.jpg',0,NULL,NULL),(718,136,'','answer-550222434021609892356.jpeg',0,NULL,NULL),(719,136,'','answer-22148032681431609892356.jpg',0,NULL,NULL),(720,136,'','answer-4566122798661609892356.jpeg',1,NULL,NULL),(721,137,'','answer-4364716164621609892419.JPG',0,NULL,NULL),(722,137,'','answer-9268541432701609892419.jpg',1,NULL,NULL),(723,137,'','answer-5502244638301609892419.jpeg',0,NULL,NULL),(724,137,'','answer-22148049035611609892419.jpg',0,NULL,NULL),(725,137,'','answer-4566138846721609892419.jpeg',0,NULL,NULL),(726,138,'','answer-436472862061609892473.JPG',0,NULL,NULL),(727,138,'','answer-9268541691991609892473.jpg',0,NULL,NULL),(728,138,'','answer-5502228451771609892473.jpeg',1,NULL,NULL),(729,138,'','answer-22148034010471609892473.jpg',0,NULL,NULL),(730,138,'','answer-4566127714661609892473.jpeg',0,NULL,NULL),(731,139,'','answer-4364719490081609892540.JPG',1,NULL,NULL),(732,139,'','answer-9268541112311609892540.jpg',0,NULL,NULL),(733,139,'','answer-5502235561301609892541.jpeg',0,NULL,NULL),(734,139,'','answer-22148012829411609892541.jpg',0,NULL,NULL),(735,139,'','answer-4566145515071609892541.jpeg',0,NULL,NULL),(736,140,'','answer-4364710344581609892652.JPG',0,NULL,NULL),(737,140,'','answer-9268541855091609892652.jpg',1,NULL,NULL),(738,140,'','answer-5502242779221609892652.jpeg',0,NULL,NULL),(739,140,'','answer-22148040935031609892652.jpg',0,NULL,NULL),(740,140,'','answer-4566128944991609892652.jpeg',0,NULL,NULL),(741,141,'','answer-4364722291261609892717.JPG',0,NULL,NULL),(742,141,'','answer-9268527079321609892717.jpg',0,NULL,NULL),(743,141,'','answer-5502237839161609892717.jpeg',1,NULL,NULL),(744,141,'','answer-22148016679191609892717.jpg',0,NULL,NULL),(745,141,'','answer-456614550341609892717.jpeg',0,NULL,NULL),(746,142,'','answer-436478752831609892778.JPG',0,NULL,NULL),(747,142,'','answer-9268528516401609892778.jpg',0,NULL,NULL),(748,142,'','answer-5502246967881609892778.jpeg',0,NULL,NULL),(749,142,'','answer-22148010991431609892778.jpg',0,NULL,NULL),(750,142,'','answer-4566128143991609892778.jpeg',1,NULL,NULL),(751,143,'','answer-4364724429661609892841.JPG',0,NULL,NULL),(752,143,'','answer-9268518516901609892841.jpg',0,NULL,NULL),(753,143,'','answer-5502227465621609892841.jpeg',0,NULL,NULL),(754,143,'','answer-22148040021011609892841.jpg',1,NULL,NULL),(755,143,'','answer-456619008091609892841.jpeg',0,NULL,NULL),(756,144,'','answer-436472613101609892913.JPG',1,NULL,NULL),(757,144,'','answer-9268520004111609892913.jpg',0,NULL,NULL),(758,144,'','answer-5502229108841609892913.jpeg',0,NULL,NULL),(759,144,'','answer-22148022244121609892913.jpg',0,NULL,NULL),(760,144,'','answer-4566111613111609892913.jpeg',0,NULL,NULL),(761,145,'','answer-436478898731609892993.JPG',0,NULL,NULL),(762,145,'','answer-9268536963421609892993.jpg',0,NULL,NULL),(763,145,'','answer-550229305951609892993.jpeg',1,NULL,NULL),(764,145,'','answer-22148048678201609892993.jpg',0,NULL,NULL),(765,145,'','answer-4566114694651609892993.jpeg',0,NULL,NULL),(766,146,'','answer-436477340681609893082.JPG',0,NULL,NULL),(767,146,'','answer-9268515891531609893082.jpg',0,NULL,NULL),(768,146,'','answer-5502248074881609893082.jpeg',0,NULL,NULL),(769,146,'','answer-2214805013691609893082.jpg',1,NULL,NULL),(770,146,'','answer-4566119609821609893082.jpeg',0,NULL,NULL),(771,147,'','answer-4364735781431609893156.JPG',0,NULL,NULL),(772,147,'','answer-9268511276271609893156.jpg',0,NULL,NULL),(773,147,'','answer-5502225628731609893156.jpeg',0,NULL,NULL),(774,147,'','answer-22148046122421609893156.jpg',0,NULL,NULL),(775,147,'','answer-456618657121609893156.jpeg',1,NULL,NULL),(776,148,'','answer-4364737924551609893225.JPG',1,NULL,NULL),(777,148,'','answer-9268536078981609893225.jpg',0,NULL,NULL),(778,148,'','answer-5502231748971609893225.jpeg',0,NULL,NULL),(779,148,'','answer-22148029177121609893225.jpg',0,NULL,NULL),(780,148,'','answer-4566143244291609893225.jpeg',0,NULL,NULL),(781,149,'','answer-4364739717741609893293.JPG',0,NULL,NULL),(782,149,'','answer-9268541425881609893293.jpg',1,NULL,NULL),(783,149,'','answer-5502218241761609893293.jpeg',0,NULL,NULL),(784,149,'','answer-22148041406481609893293.jpg',0,NULL,NULL),(785,149,'','answer-4566116048481609893293.jpeg',0,NULL,NULL),(786,150,'','answer-4364749063291609893539.JPG',1,NULL,NULL),(787,150,'','answer-9268514118851609893539.jpg',0,NULL,NULL),(788,150,'','answer-5502210738631609893539.jpeg',0,NULL,NULL),(789,150,'','answer-22148010992471609893539.jpg',0,NULL,NULL),(790,150,'','answer-4566145395601609893539.jpeg',0,NULL,NULL),(791,151,'','answer-4364710341931609893601.JPG',0,NULL,NULL),(792,151,'','answer-9268511079391609893601.jpg',1,NULL,NULL),(793,151,'','answer-5502223181381609893601.jpeg',0,NULL,NULL),(794,151,'','answer-22148034044381609893601.jpg',0,NULL,NULL),(795,151,'','answer-4566141395051609893601.jpeg',0,NULL,NULL),(796,152,'','answer-4364714287821609893654.JPG',0,NULL,NULL),(797,152,'','answer-9268518698861609893654.jpg',0,NULL,NULL),(798,152,'','answer-5502232363921609893654.jpeg',0,NULL,NULL),(799,152,'','answer-22148047070411609893654.jpg',0,NULL,NULL),(800,152,'','answer-4566134677661609893654.jpeg',1,NULL,NULL),(801,153,'','answer-4364712961901609893726.JPG',0,NULL,NULL),(802,153,'','answer-9268534919261609893726.jpg',0,NULL,NULL),(803,153,'','answer-5502224748181609893726.jpeg',0,NULL,NULL),(804,153,'','answer-2214808757131609893726.jpg',1,NULL,NULL),(805,153,'','answer-4566114373011609893726.jpeg',0,NULL,NULL),(806,154,'','answer-4364747535431609893789.JPG',0,NULL,NULL),(807,154,'','answer-926853420401609893789.jpg',0,NULL,NULL),(808,154,'','answer-5502217298331609893789.jpeg',1,NULL,NULL),(809,154,'','answer-2214803432081609893789.jpg',0,NULL,NULL),(810,154,'','answer-4566128324441609893789.jpeg',0,NULL,NULL),(811,155,'','answer-4364711053411609893853.JPG',0,NULL,NULL),(812,155,'','answer-9268512382931609893853.jpg',0,NULL,NULL),(813,155,'','answer-5502220009831609893853.jpeg',0,NULL,NULL),(814,155,'','answer-22148029024701609893853.jpg',1,NULL,NULL),(815,155,'','answer-4566142147051609893853.jpeg',0,NULL,NULL),(816,156,'','answer-436472928581609893917.JPG',0,NULL,NULL),(817,156,'','answer-9268522963061609893917.jpg',0,NULL,NULL),(818,156,'','answer-550224431321609893917.jpeg',1,NULL,NULL),(819,156,'','answer-22148037874741609893917.jpg',0,NULL,NULL),(820,156,'','answer-4566124172581609893917.jpeg',0,NULL,NULL),(821,157,'','answer-4364718893151609893989.JPG',0,NULL,NULL),(822,157,'','answer-926858182371609893989.jpg',1,NULL,NULL),(823,157,'','answer-550227543291609893989.jpeg',0,NULL,NULL),(824,157,'','answer-2214803667541609893989.jpg',0,NULL,NULL),(825,157,'','answer-4566118393321609893989.jpeg',0,NULL,NULL),(826,158,'','answer-4364733513001609894054.JPG',0,NULL,NULL),(827,158,'','answer-9268542503631609894054.jpg',0,NULL,NULL),(828,158,'','answer-5502238966431609894054.jpeg',1,NULL,NULL),(829,158,'','answer-22148023009061609894054.jpg',0,NULL,NULL),(830,158,'','answer-4566149249871609894054.jpeg',0,NULL,NULL),(831,159,'','answer-436476764681609894117.JPG',1,NULL,NULL),(832,159,'','answer-9268530203441609894117.jpg',0,NULL,NULL),(833,159,'','answer-550221318561609894117.jpeg',0,NULL,NULL),(834,159,'','answer-22148049910601609894117.jpg',0,NULL,NULL),(835,159,'','answer-4566149684001609894117.jpeg',0,NULL,NULL),(836,160,'','answer-4364728585071609894180.JPG',0,NULL,NULL),(837,160,'','answer-9268537267601609894181.jpg',0,NULL,NULL),(838,160,'','answer-5502228945841609894181.jpeg',0,NULL,NULL),(839,160,'','answer-2214808158001609894181.jpg',1,NULL,NULL),(840,160,'','answer-4566134236121609894181.jpeg',0,NULL,NULL),(841,161,'','answer-436479098961609894241.JPG',0,NULL,NULL),(842,161,'','answer-9268515106181609894241.jpg',0,NULL,NULL),(843,161,'','answer-5502234414691609894241.jpeg',1,NULL,NULL),(844,161,'','answer-22148048964471609894241.jpg',0,NULL,NULL),(845,161,'','answer-4566122280211609894241.jpeg',0,NULL,NULL),(846,162,'','answer-4364715017531609894317.JPG',0,NULL,NULL),(847,162,'','answer-9268531687411609894317.jpg',1,NULL,NULL),(848,162,'','answer-550228991971609894317.jpeg',0,NULL,NULL),(849,162,'','answer-22148023869241609894317.jpg',0,NULL,NULL),(850,162,'','answer-4566120425211609894317.jpeg',0,NULL,NULL),(851,163,'','answer-4364721597741609894388.JPG',0,NULL,NULL),(852,163,'','answer-9268531349491609894388.jpg',0,NULL,NULL),(853,163,'','answer-5502237902781609894388.jpeg',0,NULL,NULL),(854,163,'','answer-22148038927151609894388.jpg',0,NULL,NULL),(855,163,'','answer-4566136869151609894388.jpeg',1,NULL,NULL),(856,164,'','answer-4364710197091609894458.JPG',1,NULL,NULL),(857,164,'','answer-9268543546301609894458.jpg',0,NULL,NULL),(858,164,'','answer-550224251371609894458.jpeg',0,NULL,NULL),(859,164,'','answer-22148048977931609894458.jpg',0,NULL,NULL),(860,164,'','answer-4566140633351609894458.jpeg',0,NULL,NULL),(861,165,'','answer-4364713233401609894523.JPG',0,NULL,NULL),(862,165,'','answer-9268547180191609894523.jpg',0,NULL,NULL),(863,165,'','answer-5502214917431609894523.jpeg',0,NULL,NULL),(864,165,'','answer-22148042249461609894523.jpg',0,NULL,NULL),(865,165,'','answer-456616451791609894523.jpeg',1,NULL,NULL),(866,166,'','answer-4364716550941609894602.JPG',1,NULL,NULL),(867,166,'','answer-9268543994901609894602.jpg',0,NULL,NULL),(868,166,'','answer-5502230690241609894602.jpeg',0,NULL,NULL),(869,166,'','answer-22148042237051609894602.jpg',0,NULL,NULL),(870,166,'','answer-4566117357561609894602.jpeg',0,NULL,NULL),(871,167,'','answer-4364743473531609894698.JPG',0,NULL,NULL),(872,167,'','answer-9268520534881609894698.jpg',0,NULL,NULL),(873,167,'','answer-5502222652951609894698.jpeg',1,NULL,NULL),(874,167,'','answer-22148025768691609894698.jpg',0,NULL,NULL),(875,167,'','answer-4566123996661609894698.jpeg',0,NULL,NULL),(876,168,'','answer-436476536091609894773.JPG',0,NULL,NULL),(877,168,'','answer-926859695231609894773.jpg',1,NULL,NULL),(878,168,'','answer-550225914911609894773.jpeg',0,NULL,NULL),(879,168,'','answer-22148030727281609894773.jpg',0,NULL,NULL),(880,168,'','answer-4566133459961609894773.jpeg',0,NULL,NULL),(881,169,'','answer-4364712654151609894835.JPG',0,NULL,NULL),(882,169,'','answer-9268521595621609894835.jpg',0,NULL,NULL),(883,169,'','answer-5502223198531609894835.jpeg',0,NULL,NULL),(884,169,'','answer-22148010350781609894835.jpg',1,NULL,NULL),(885,169,'','answer-4566115583721609894835.jpeg',0,NULL,NULL),(886,170,'','answer-4364745175381609894895.JPG',1,NULL,NULL),(887,170,'','answer-926851545441609894895.jpg',0,NULL,NULL),(888,170,'','answer-5502225087741609894895.jpeg',0,NULL,NULL),(889,170,'','answer-2214803266591609894895.jpg',0,NULL,NULL),(890,170,'','answer-456615455581609894895.jpeg',0,NULL,NULL),(891,171,'','answer-4364749521871609894987.JPG',0,NULL,NULL),(892,171,'','answer-9268527725721609894987.jpg',0,NULL,NULL),(893,171,'','answer-5502231692351609894987.jpeg',1,NULL,NULL),(894,171,'','answer-22148034272641609894987.jpg',0,NULL,NULL),(895,171,'','answer-4566144503131609894987.jpeg',0,NULL,NULL),(896,172,'','answer-4364733313181609895076.JPG',0,NULL,NULL),(897,172,'','answer-9268545789331609895076.jpg',0,NULL,NULL),(898,172,'','answer-5502248629601609895076.jpeg',0,NULL,NULL),(899,172,'','answer-22148032595911609895076.jpg',0,NULL,NULL),(900,172,'','answer-45661526191609895076.jpeg',1,NULL,NULL),(901,173,'','answer-436479077731609895143.JPG',0,NULL,NULL),(902,173,'','answer-926856128021609895143.jpg',0,NULL,NULL),(903,173,'','answer-5502239625491609895143.jpeg',0,NULL,NULL),(904,173,'','answer-22148041707081609895143.jpg',1,NULL,NULL),(905,173,'','answer-4566112773341609895143.jpeg',0,NULL,NULL),(906,174,'','answer-4364743190431609895222.JPG',0,NULL,NULL),(907,174,'','answer-9268529547421609895222.jpg',1,NULL,NULL),(908,174,'','answer-5502236315451609895222.jpeg',0,NULL,NULL),(909,174,'','answer-22148012681321609895222.jpg',0,NULL,NULL),(910,174,'','answer-4566125114431609895222.jpeg',0,NULL,NULL),(911,175,'','answer-4364720607211609895289.JPG',0,NULL,NULL),(912,175,'','answer-9268511618961609895289.jpg',0,NULL,NULL),(913,175,'','answer-5502235626541609895289.jpeg',1,NULL,NULL),(914,175,'','answer-22148013940331609895289.jpg',0,NULL,NULL),(915,175,'','answer-4566134511171609895289.jpeg',0,NULL,NULL),(916,176,'','answer-4364735978001609895351.JPG',0,NULL,NULL),(917,176,'','answer-926852598801609895351.jpg',0,NULL,NULL),(918,176,'','answer-5502233663021609895351.jpeg',0,NULL,NULL),(919,176,'','answer-22148021591371609895351.jpg',1,NULL,NULL),(920,176,'','answer-4566142133441609895351.jpeg',0,NULL,NULL),(921,177,'','answer-4364741976481609895438.JPG',0,NULL,NULL),(922,177,'','answer-926854371651609895438.jpg',0,NULL,NULL),(923,177,'','answer-5502232765871609895438.jpeg',0,NULL,NULL),(924,177,'','answer-22148049490781609895438.jpg',0,NULL,NULL),(925,177,'','answer-4566112418161609895438.jpeg',1,NULL,NULL),(926,178,'','answer-4364723355181609895518.JPG',1,NULL,NULL),(927,178,'','answer-9268519181721609895518.jpg',0,NULL,NULL),(928,178,'','answer-5502213380461609895518.jpeg',0,NULL,NULL),(929,178,'','answer-2214801211881609895518.jpg',0,NULL,NULL),(930,178,'','answer-4566142588891609895518.jpeg',0,NULL,NULL),(931,179,'','answer-4364729683461609895731.JPG',0,NULL,NULL),(932,179,'','answer-9268546059091609895731.jpg',1,NULL,NULL),(933,179,'','answer-5502242241661609895731.jpeg',0,NULL,NULL),(934,179,'','answer-22148021704531609895731.jpg',0,NULL,NULL),(935,179,'','answer-4566126481331609895731.jpeg',0,NULL,NULL),(936,180,'','answer-436478363301609895819.JPG',0,NULL,NULL),(937,180,'','answer-9268526588801609895819.jpg',0,NULL,NULL),(938,180,'','answer-5502236524391609895819.jpeg',0,NULL,NULL),(939,180,'','answer-22148031995691609895819.jpg',0,NULL,NULL),(940,180,'','answer-4566143159841609895819.jpeg',1,NULL,NULL),(941,181,'','answer-43647416921609895954.JPG',0,NULL,NULL),(942,181,'','answer-9268546086941609895954.jpg',0,NULL,NULL),(943,181,'','answer-5502217119841609895954.jpeg',0,NULL,NULL),(944,181,'','answer-22148017560611609895954.jpg',1,NULL,NULL),(945,181,'','answer-4566122138801609895954.jpeg',0,NULL,NULL),(946,182,'','answer-436479455171609896032.JPG',1,NULL,NULL),(947,182,'','answer-926853064021609896032.jpg',0,NULL,NULL),(948,182,'','answer-5502223094021609896032.jpeg',0,NULL,NULL),(949,182,'','answer-22148044204061609896032.jpg',0,NULL,NULL),(950,182,'','answer-456613899881609896032.jpeg',0,NULL,NULL),(951,183,'','answer-436474657931609896105.JPG',0,NULL,NULL),(952,183,'','answer-9268534922891609896105.jpg',0,NULL,NULL),(953,183,'','answer-5502230919061609896105.jpeg',1,NULL,NULL),(954,183,'','answer-22148030575181609896105.jpg',0,NULL,NULL),(955,183,'','answer-4566142963161609896105.jpeg',0,NULL,NULL),(956,184,'','answer-4364719331609896184.JPG',0,NULL,NULL),(957,184,'','answer-9268538584861609896184.jpg',1,NULL,NULL),(958,184,'','answer-5502211022171609896184.jpeg',0,NULL,NULL),(959,184,'','answer-22148039580721609896184.jpg',0,NULL,NULL),(960,184,'','answer-456617490031609896184.jpeg',0,NULL,NULL),(961,185,'','answer-4364731806721609896255.JPG',0,NULL,NULL),(962,185,'','answer-9268528876981609896255.jpg',0,NULL,NULL),(963,185,'','answer-5502278601609896255.jpeg',0,NULL,NULL),(964,185,'','answer-2214805877311609896255.jpg',1,NULL,NULL),(965,185,'','answer-45661406521609896255.jpeg',0,NULL,NULL),(966,186,'','answer-4364730564091609896314.JPG',0,NULL,NULL),(967,186,'','answer-9268515399951609896314.jpg',0,NULL,NULL),(968,186,'','answer-5502214823621609896314.jpeg',1,NULL,NULL),(969,186,'','answer-22148044480291609896314.jpg',0,NULL,NULL),(970,186,'','answer-4566122020781609896314.jpeg',0,NULL,NULL),(971,187,'','answer-4364749678901609896387.JPG',1,NULL,NULL),(972,187,'','answer-9268549646431609896387.jpg',0,NULL,NULL),(973,187,'','answer-5502245384801609896387.jpeg',0,NULL,NULL),(974,187,'','answer-22148037190501609896387.jpg',0,NULL,NULL),(975,187,'','answer-4566117112101609896387.jpeg',0,NULL,NULL),(976,188,'','answer-4364716786001609896475.JPG',0,NULL,NULL),(977,188,'','answer-9268534459921609896475.jpg',1,NULL,NULL),(978,188,'','answer-550228049111609896475.jpeg',0,NULL,NULL),(979,188,'','answer-22148015137941609896475.jpg',0,NULL,NULL),(980,188,'','answer-4566125717991609896475.jpeg',0,NULL,NULL),(981,189,'','answer-4364721805741609896635.JPG',0,NULL,NULL),(982,189,'','answer-9268536902521609896635.jpg',0,NULL,NULL),(983,189,'','answer-5502221691041609896635.jpeg',0,NULL,NULL),(984,189,'','answer-22148027901371609896635.jpg',0,NULL,NULL),(985,189,'','answer-4566110359611609896635.jpeg',1,NULL,NULL),(986,190,'','answer-436472311341609919013.JPG',0,NULL,NULL),(987,190,'','answer-9268511528871609919013.jpg',1,NULL,NULL),(988,190,'','answer-5502245194601609919013.jpeg',0,NULL,NULL),(989,190,'','answer-22148038636351609919013.jpg',0,NULL,NULL),(990,190,'','answer-4566137412801609919013.jpeg',0,NULL,NULL),(991,191,'','answer-4364728203451609919068.JPG',0,NULL,NULL),(992,191,'','answer-9268544646971609919068.jpg',0,NULL,NULL),(993,191,'','answer-5502215315221609919068.jpeg',0,NULL,NULL),(994,191,'','answer-22148042709861609919068.jpg',0,NULL,NULL),(995,191,'','answer-4566138157241609919068.jpeg',1,NULL,NULL),(996,192,'','answer-4364731356681609919137.JPG',0,NULL,NULL),(997,192,'','answer-9268515628001609919137.jpg',0,NULL,NULL),(998,192,'','answer-5502234851201609919137.jpeg',0,NULL,NULL),(999,192,'','answer-22148040238011609919137.jpg',0,NULL,NULL),(1000,192,'','answer-4566132873931609919137.jpeg',1,NULL,NULL),(1001,193,'','answer-4364736709671609919198.JPG',1,NULL,NULL),(1002,193,'','answer-9268544724871609919198.jpg',0,NULL,NULL),(1003,193,'','answer-550223927831609919198.jpeg',0,NULL,NULL),(1004,193,'','answer-2214801063821609919198.jpg',0,NULL,NULL),(1005,193,'','answer-4566121426931609919198.jpeg',0,NULL,NULL),(1006,194,'','answer-4364736999811609919260.JPG',0,NULL,NULL),(1007,194,'','answer-9268530196411609919260.jpg',0,NULL,NULL),(1008,194,'','answer-5502235593641609919260.jpeg',0,NULL,NULL),(1009,194,'','answer-22148043209431609919260.jpg',1,NULL,NULL),(1010,194,'','answer-4566122794071609919260.jpeg',0,NULL,NULL),(1011,195,'','answer-4364747444941609919319.JPG',0,NULL,NULL),(1012,195,'','answer-9268513295791609919319.jpg',1,NULL,NULL),(1013,195,'','answer-5502240804951609919319.jpeg',0,NULL,NULL),(1014,195,'','answer-22148020427191609919319.jpg',0,NULL,NULL),(1015,195,'','answer-4566134271281609919319.jpeg',0,NULL,NULL),(1016,196,'','answer-4364727384861609919376.JPG',0,NULL,NULL),(1017,196,'','answer-9268548161711609919376.jpg',0,NULL,NULL),(1018,196,'','answer-5502212089901609919376.jpeg',0,NULL,NULL),(1019,196,'','answer-22148032844041609919376.jpg',1,NULL,NULL),(1020,196,'','answer-456611032171609919376.jpeg',0,NULL,NULL),(1021,197,'','answer-4364722489751609919435.JPG',0,NULL,NULL),(1022,197,'','answer-9268535272671609919435.jpg',0,NULL,NULL),(1023,197,'','answer-5502220272181609919435.jpeg',1,NULL,NULL),(1024,197,'','answer-2214808734251609919435.jpg',0,NULL,NULL),(1025,197,'','answer-4566132327231609919435.jpeg',0,NULL,NULL),(1026,198,'','answer-4364726125691609919550.JPG',0,NULL,NULL),(1027,198,'','answer-926854913161609919550.jpg',0,NULL,NULL),(1028,198,'','answer-5502226246111609919550.jpeg',0,NULL,NULL),(1029,198,'','answer-2214807723031609919550.jpg',0,NULL,NULL),(1030,198,'','answer-456618517841609919550.jpeg',1,NULL,NULL),(1031,199,'','answer-4364737855701609919609.JPG',1,NULL,NULL),(1032,199,'','answer-9268535275741609919609.jpg',0,NULL,NULL),(1033,199,'','answer-5502235282521609919609.jpeg',0,NULL,NULL),(1034,199,'','answer-22148031552831609919609.jpg',0,NULL,NULL),(1035,199,'','answer-4566119675531609919609.jpeg',0,NULL,NULL),(1036,200,'','answer-4364721611261609919665.JPG',0,NULL,NULL),(1037,200,'','answer-9268539944621609919665.jpg',1,NULL,NULL),(1038,200,'','answer-5502221034531609919665.jpeg',0,NULL,NULL),(1039,200,'','answer-22148022065231609919665.jpg',0,NULL,NULL),(1040,200,'','answer-456616659691609919665.jpeg',0,NULL,NULL),(1041,201,'','answer-4364714876241609919725.JPG',1,NULL,NULL),(1042,201,'','answer-9268525405191609919725.jpg',0,NULL,NULL),(1043,201,'','answer-5502223179761609919725.jpeg',0,NULL,NULL),(1044,201,'','answer-22148036585751609919725.jpg',0,NULL,NULL),(1045,201,'','answer-4566115296221609919725.jpeg',0,NULL,NULL),(1046,202,'','answer-4364739087031609919786.JPG',0,NULL,NULL),(1047,202,'','answer-9268526935791609919786.jpg',0,NULL,NULL),(1048,202,'','answer-5502230262351609919786.jpeg',1,NULL,NULL),(1049,202,'','answer-22148011686731609919786.jpg',0,NULL,NULL),(1050,202,'','answer-4566127931351609919786.jpeg',0,NULL,NULL),(1051,203,'','answer-4364728560671609919852.JPG',0,NULL,NULL),(1052,203,'','answer-9268518260631609919852.jpg',0,NULL,NULL),(1053,203,'','answer-550227801901609919852.jpeg',0,NULL,NULL),(1054,203,'','answer-2214806047031609919852.jpg',1,NULL,NULL),(1055,203,'','answer-4566142626791609919852.jpeg',0,NULL,NULL),(1056,204,'','answer-436473387971609919915.JPG',0,NULL,NULL),(1057,204,'','answer-9268538774551609919915.jpg',0,NULL,NULL),(1058,204,'','answer-5502223759731609919915.jpeg',0,NULL,NULL),(1059,204,'','answer-22148047391531609919915.jpg',0,NULL,NULL),(1060,204,'','answer-4566117645551609919915.jpeg',1,NULL,NULL),(1061,205,'','answer-4364729918131609919977.JPG',0,NULL,NULL),(1062,205,'','answer-926854830961609919977.jpg',0,NULL,NULL),(1063,205,'','answer-550224810661609919977.jpeg',1,NULL,NULL),(1064,205,'','answer-22148030248081609919977.jpg',0,NULL,NULL),(1065,205,'','answer-4566147423101609919977.jpeg',0,NULL,NULL),(1066,206,'','answer-4364722549531609920046.JPG',0,NULL,NULL),(1067,206,'','answer-9268514575071609920046.jpg',0,NULL,NULL),(1068,206,'','answer-5502229698341609920046.jpeg',0,NULL,NULL),(1069,206,'','answer-22148024386961609920046.jpg',0,NULL,NULL),(1070,206,'','answer-4566131806641609920046.jpeg',1,NULL,NULL),(1071,207,'','answer-4364740841701609920117.JPG',0,NULL,NULL),(1072,207,'','answer-9268548365811609920117.jpg',1,NULL,NULL),(1073,207,'','answer-5502226340251609920117.jpeg',0,NULL,NULL),(1074,207,'','answer-22148015097171609920117.jpg',0,NULL,NULL),(1075,207,'','answer-45661175661609920117.jpeg',0,NULL,NULL),(1076,208,'','answer-4364740117221609920177.JPG',1,NULL,NULL),(1077,208,'','answer-926852720421609920177.jpg',0,NULL,NULL),(1078,208,'','answer-550224965061609920177.jpeg',0,NULL,NULL),(1079,208,'','answer-2214805190851609920177.jpg',0,NULL,NULL),(1080,208,'','answer-456611717271609920177.jpeg',0,NULL,NULL),(1081,209,'','answer-436479168111609920307.JPG',0,NULL,NULL),(1082,209,'','answer-9268520517271609920307.jpg',0,NULL,NULL),(1083,209,'','answer-5502223892691609920307.jpeg',0,NULL,NULL),(1084,209,'','answer-22148037826731609920307.jpg',1,NULL,NULL),(1085,209,'','answer-4566140746201609920307.jpeg',0,NULL,NULL),(1086,210,'','answer-4364735614581609920368.JPG',0,NULL,NULL),(1087,210,'','answer-9268518835921609920368.jpg',0,NULL,NULL),(1088,210,'','answer-5502225620131609920368.jpeg',1,NULL,NULL),(1089,210,'','answer-2214806303011609920368.jpg',0,NULL,NULL),(1090,210,'','answer-4566110026071609920368.jpeg',0,NULL,NULL),(1091,211,'','answer-4364743864371609920430.JPG',0,NULL,NULL),(1092,211,'','answer-9268515134411609920430.jpg',0,NULL,NULL),(1093,211,'','answer-550229201811609920430.jpeg',0,NULL,NULL),(1094,211,'','answer-22148027107201609920430.jpg',1,NULL,NULL),(1095,211,'','answer-456614960151609920430.jpeg',0,NULL,NULL),(1096,212,'','answer-4364742777691609920490.JPG',0,NULL,NULL),(1097,212,'','answer-9268540127981609920490.jpg',0,NULL,NULL),(1098,212,'','answer-5502248573321609920490.jpeg',0,NULL,NULL),(1099,212,'','answer-22148021182121609920490.jpg',0,NULL,NULL),(1100,212,'','answer-4566145201481609920490.jpeg',1,NULL,NULL),(1101,213,'','answer-4364744899971609920556.JPG',0,NULL,NULL),(1102,213,'','answer-9268531385271609920556.jpg',1,NULL,NULL),(1103,213,'','answer-550222279411609920556.jpeg',0,NULL,NULL),(1104,213,'','answer-22148024678181609920556.jpg',0,NULL,NULL),(1105,213,'','answer-456619302231609920556.jpeg',0,NULL,NULL),(1106,214,'','answer-4364733198831609920623.JPG',1,NULL,NULL),(1107,214,'','answer-9268519777931609920623.jpg',0,NULL,NULL),(1108,214,'','answer-5502249069661609920623.jpeg',0,NULL,NULL),(1109,214,'','answer-22148047613911609920623.jpg',0,NULL,NULL),(1110,214,'','answer-4566137696541609920623.jpeg',0,NULL,NULL),(1111,215,'','answer-4364724400371609920694.JPG',0,NULL,NULL),(1112,215,'','answer-9268536208581609920694.jpg',0,NULL,NULL),(1113,215,'','answer-5502229523791609920694.jpeg',0,NULL,NULL),(1114,215,'','answer-22148026322161609920694.jpg',1,NULL,NULL),(1115,215,'','answer-4566142791781609920694.jpeg',0,NULL,NULL),(1116,216,'','answer-436478814831609920764.JPG',0,NULL,NULL),(1117,216,'','answer-926854345551609920764.jpg',0,NULL,NULL),(1118,216,'','answer-5502230951821609920764.jpeg',0,NULL,NULL),(1119,216,'','answer-22148031350381609920764.jpg',0,NULL,NULL),(1120,216,'','answer-45661242921609920764.jpeg',1,NULL,NULL),(1121,217,'','answer-4364723400501609920824.JPG',0,NULL,NULL),(1122,217,'','answer-9268535637021609920824.jpg',0,NULL,NULL),(1123,217,'','answer-5502226706051609920824.jpeg',1,NULL,NULL),(1124,217,'','answer-22148012992501609920824.jpg',0,NULL,NULL),(1125,217,'','answer-4566149021281609920824.jpeg',0,NULL,NULL),(1126,218,'','answer-4364748508911609920912.JPG',1,NULL,NULL),(1127,218,'','answer-9268515590391609920912.jpg',0,NULL,NULL),(1128,218,'','answer-5502239566971609920912.jpeg',0,NULL,NULL),(1129,218,'','answer-2214802488141609920912.jpg',0,NULL,NULL),(1130,218,'','answer-4566145212621609920912.jpeg',0,NULL,NULL),(1131,219,'','answer-4364741342951609920971.JPG',0,NULL,NULL),(1132,219,'','answer-9268530924311609920971.jpg',1,NULL,NULL),(1133,219,'','answer-5502225423501609920971.jpeg',0,NULL,NULL),(1134,219,'','answer-22148024448981609920971.jpg',0,NULL,NULL),(1135,219,'','answer-4566126512901609920971.jpeg',0,NULL,NULL),(1136,220,'','answer-4364737858091609921029.JPG',0,NULL,NULL),(1137,220,'','answer-9268525827371609921029.jpg',0,NULL,NULL),(1138,220,'','answer-5502232776181609921029.jpeg',0,NULL,NULL),(1139,220,'','answer-22148019711191609921029.jpg',1,NULL,NULL),(1140,220,'','answer-4566117652801609921029.jpeg',0,NULL,NULL),(1141,221,'','answer-4364742126031609921104.JPG',1,NULL,NULL),(1142,221,'','answer-9268549193121609921104.jpg',0,NULL,NULL),(1143,221,'','answer-550224444011609921104.jpeg',0,NULL,NULL),(1144,221,'','answer-22148014319921609921104.jpg',0,NULL,NULL),(1145,221,'','answer-4566130070841609921104.jpeg',0,NULL,NULL),(1146,222,'','answer-4364727704471609921170.JPG',0,NULL,NULL),(1147,222,'','answer-9268533250861609921170.jpg',1,NULL,NULL),(1148,222,'','answer-5502242607371609921170.jpeg',0,NULL,NULL),(1149,222,'','answer-22148014629841609921170.jpg',0,NULL,NULL),(1150,222,'','answer-4566139827731609921170.jpeg',0,NULL,NULL),(1151,223,'','answer-4364744687771609921226.JPG',0,NULL,NULL),(1152,223,'','answer-9268538111291609921226.jpg',0,NULL,NULL),(1153,223,'','answer-550221000191609921226.jpeg',0,NULL,NULL),(1154,223,'','answer-22148015758271609921226.jpg',0,NULL,NULL),(1155,223,'','answer-456613151701609921226.jpeg',1,NULL,NULL),(1156,224,'','answer-4364727402641609921291.JPG',0,NULL,NULL),(1157,224,'','answer-9268528080141609921291.jpg',0,NULL,NULL),(1158,224,'','answer-550227434451609921291.jpeg',1,NULL,NULL),(1159,224,'','answer-22148017620881609921291.jpg',0,NULL,NULL),(1160,224,'','answer-4566113067011609921291.jpeg',0,NULL,NULL),(1161,225,'','answer-4364731243891609921356.JPG',1,NULL,NULL),(1162,225,'','answer-926856468831609921356.jpg',0,NULL,NULL),(1163,225,'','answer-550229920271609921356.jpeg',0,NULL,NULL),(1164,225,'','answer-2214807246401609921356.jpg',0,NULL,NULL),(1165,225,'','answer-4566138743831609921356.jpeg',0,NULL,NULL),(1166,226,'','answer-436472514271609921450.JPG',0,NULL,NULL),(1167,226,'','answer-926851576381609921450.jpg',0,NULL,NULL),(1168,226,'','answer-5502223761891609921450.jpeg',1,NULL,NULL),(1169,226,'','answer-22148049006421609921450.jpg',0,NULL,NULL),(1170,226,'','answer-4566113025651609921450.jpeg',0,NULL,NULL),(1171,227,'','answer-436473287151609921506.JPG',0,NULL,NULL),(1172,227,'','answer-9268547804871609921506.jpg',0,NULL,NULL),(1173,227,'','answer-5502240739111609921506.jpeg',0,NULL,NULL),(1174,227,'','answer-22148038248371609921506.jpg',0,NULL,NULL),(1175,227,'','answer-4566147331301609921506.jpeg',1,NULL,NULL),(1176,228,'','answer-4364730463941609921592.JPG',0,NULL,NULL),(1177,228,'','answer-926855485011609921592.jpg',0,NULL,NULL),(1178,228,'','answer-5502241911601609921592.jpeg',0,NULL,NULL),(1179,228,'','answer-2214809562321609921592.jpg',1,NULL,NULL),(1180,228,'','answer-456618108811609921592.jpeg',0,NULL,NULL),(1181,229,'','answer-4364723121691609921650.JPG',0,NULL,NULL),(1182,229,'','answer-9268537337681609921650.jpg',1,NULL,NULL),(1183,229,'','answer-5502227892591609921650.jpeg',0,NULL,NULL),(1184,229,'','answer-22148041796331609921650.jpg',0,NULL,NULL),(1185,229,'','answer-4566131981011609921650.jpeg',0,NULL,NULL),(1186,230,'','answer-11474427357141609927177.jpg',1,NULL,NULL),(1187,230,'','answer-5166228756481609927177.jpg',0,NULL,NULL),(1188,230,'','answer-8433611910341623580444.jpg',0,NULL,NULL),(1189,230,'','answer-505725840201609927177.jpg',0,NULL,NULL),(1190,230,'','answer-7070128299771609927177.jpeg',0,NULL,NULL),(1191,231,'','answer-1147441511971609927317.jpg',0,NULL,NULL),(1192,231,'','answer-5166212973631609927317.jpg',1,NULL,NULL),(1193,231,'','answer-8433628711621623580465.jpg',0,NULL,NULL),(1194,231,'','answer-5057230573341609927317.jpg',0,NULL,NULL),(1195,231,'','answer-7070117037971609927317.jpeg',0,NULL,NULL),(1196,232,'','answer-11474436903821609927457.jpg',0,NULL,NULL),(1197,232,'','answer-5166244748851609927457.jpg',0,NULL,NULL),(1198,232,'','answer-8433629876361623580479.jpg',1,NULL,NULL),(1199,232,'','answer-5057223358051609927457.jpg',0,NULL,NULL),(1200,232,'','answer-7070142654011609927457.jpeg',0,NULL,NULL),(1201,233,'','answer-11474445334761609927543.jpg',0,NULL,NULL),(1202,233,'','answer-5166210040181609927543.jpg',0,NULL,NULL),(1203,233,'','answer-843367200061623580493.jpg',0,NULL,NULL),(1204,233,'','answer-505724522801609927543.jpg',1,NULL,NULL),(1205,233,'','answer-7070112374311609927543.jpeg',0,NULL,NULL),(1206,234,'','answer-11474424152181609927617.jpg',0,NULL,NULL),(1207,234,'','answer-5166218386451609927617.jpg',0,NULL,NULL),(1208,234,'','answer-843361800041623580507.jpg',0,NULL,NULL),(1209,234,'','answer-5057225371381609927617.jpg',0,NULL,NULL),(1210,234,'','answer-7070138148361609927617.jpeg',1,NULL,NULL),(1211,235,'','answer-11474414679011609927699.jpg',0,NULL,NULL),(1212,235,'','answer-5166227791651609927699.jpg',0,NULL,NULL),(1213,235,'','answer-843361244061623580519.jpg',0,NULL,NULL),(1214,235,'','answer-5057217077361609927699.jpg',1,NULL,NULL),(1215,235,'','answer-7070132237871609927699.jpeg',0,NULL,NULL),(1216,236,'','answer-11474446261991609927762.jpg',0,NULL,NULL),(1217,236,'','answer-5166248605931609927762.jpg',0,NULL,NULL),(1218,236,'','answer-8433624506931623580533.jpg',1,NULL,NULL),(1219,236,'','answer-5057225348321609927762.jpg',0,NULL,NULL),(1220,236,'','answer-7070111983681609927762.jpeg',0,NULL,NULL),(1221,237,'','answer-1147448900741609927997.jpg',0,NULL,NULL),(1222,237,'','answer-516624785001609927997.jpg',1,NULL,NULL),(1223,237,'','answer-8433647716021623580550.jpg',0,NULL,NULL),(1224,237,'','answer-5057243075201609927997.jpg',0,NULL,NULL),(1225,237,'','answer-7070131201931609927997.jpeg',0,NULL,NULL),(1226,238,'','answer-11474426088391609928145.jpg',0,NULL,NULL),(1227,238,'','answer-5166232161201609928145.jpg',0,NULL,NULL),(1228,238,'','answer-8433622548881623580561.jpg',0,NULL,NULL),(1229,238,'','answer-5057212148611609928145.jpg',0,NULL,NULL),(1230,238,'','answer-7070131089281609928145.jpeg',1,NULL,NULL),(1231,239,'','answer-1147442028351609928212.jpg',1,NULL,NULL),(1232,239,'','answer-5166221505031609928212.jpg',0,NULL,NULL),(1233,239,'','answer-8433619417681623580573.jpg',0,NULL,NULL),(1234,239,'','answer-5057222840321609928212.jpg',0,NULL,NULL),(1235,239,'','answer-707018334311609928212.jpeg',0,NULL,NULL),(1236,240,'','answer-11474428743551609933035.jpg',0,NULL,NULL),(1237,240,'','answer-5166221133341609933035.jpg',1,NULL,NULL),(1238,240,'','answer-8433625293111623580590.jpg',0,NULL,NULL),(1239,240,'','answer-5057247564651609933035.jpg',0,NULL,NULL),(1240,240,'','answer-7070124954231609933035.jpeg',0,NULL,NULL),(1241,241,'','answer-1147448678571609933105.jpg',0,NULL,NULL),(1242,241,'','answer-5166218266761609933105.jpg',0,NULL,NULL),(1243,241,'','answer-843361383621623580779.jpg',0,NULL,NULL),(1244,241,'','answer-505721583221609933105.jpg',0,NULL,NULL),(1245,241,'','answer-7070126690261609933105.jpeg',1,NULL,NULL),(1246,242,'','answer-11474427711581609933189.jpg',0,NULL,NULL),(1247,242,'','answer-5166230696541609933189.jpg',0,NULL,NULL),(1248,242,'','answer-8433619487901623580792.jpg',1,NULL,NULL),(1249,242,'','answer-5057236292011609933189.jpg',0,NULL,NULL),(1250,242,'','answer-7070134099641609933189.jpeg',0,NULL,NULL),(1251,243,'','answer-11474424084431609933292.jpg',0,NULL,NULL),(1252,243,'','answer-5166232371661609933292.jpg',0,NULL,NULL),(1253,243,'','answer-8433638688251623580805.jpg',0,NULL,NULL),(1254,243,'','answer-505729533361609933292.jpg',1,NULL,NULL),(1255,243,'','answer-7070132479841609933292.jpeg',0,NULL,NULL),(1256,244,'','answer-11474433598801609933365.jpg',1,NULL,NULL),(1257,244,'','answer-5166233976551609933365.jpg',0,NULL,NULL),(1258,244,'','answer-8433616716791623580817.jpg',0,NULL,NULL),(1259,244,'','answer-5057235809981609933365.jpg',0,NULL,NULL),(1260,244,'','answer-7070147718331609933365.jpeg',0,NULL,NULL),(1261,245,'','answer-11474438809561609933442.jpg',0,NULL,NULL),(1262,245,'','answer-5166248833971609933442.jpg',0,NULL,NULL),(1263,245,'','answer-8433640738551623580828.jpg',0,NULL,NULL),(1264,245,'','answer-505723201521609933442.jpg',0,NULL,NULL),(1265,245,'','answer-7070113526621609933442.jpeg',1,NULL,NULL),(1266,246,'','answer-11474414599751609933516.jpg',0,NULL,NULL),(1267,246,'','answer-5166215877111609933516.jpg',0,NULL,NULL),(1268,246,'','answer-8433619352181623580908.jpg',0,NULL,NULL),(1269,246,'','answer-505722273271609933516.jpg',1,NULL,NULL),(1270,246,'','answer-7070141146801609933516.jpeg',0,NULL,NULL),(1271,247,'','answer-11474414748471609933588.jpg',0,NULL,NULL),(1272,247,'','answer-5166218724421609933588.jpg',0,NULL,NULL),(1273,247,'','answer-8433646900181623580924.jpg',1,NULL,NULL),(1274,247,'','answer-505724875661609933588.jpg',0,NULL,NULL),(1275,247,'','answer-7070127133921609933588.jpeg',0,NULL,NULL),(1276,248,'','answer-11474427150551609933660.jpg',1,NULL,NULL),(1277,248,'','answer-5166231226941609933660.jpg',0,NULL,NULL),(1278,248,'','answer-8433625585531623580944.jpg',0,NULL,NULL),(1279,248,'','answer-5057235636991609933660.jpg',0,NULL,NULL),(1280,248,'','answer-7070122905971609933660.jpeg',0,NULL,NULL),(1281,249,'','answer-11474425927121609933720.jpg',0,NULL,NULL),(1282,249,'','answer-516629584521609933720.jpg',1,NULL,NULL),(1283,249,'','answer-8433646976841623580962.jpg',0,NULL,NULL),(1284,249,'','answer-5057224973751609933720.jpg',0,NULL,NULL),(1285,249,'','answer-7070142770971609933720.jpeg',0,NULL,NULL),(1286,250,'','answer-11474410252551609933788.jpg',1,NULL,NULL),(1287,250,'','answer-5166231373471609933788.jpg',0,NULL,NULL),(1288,250,'','answer-843364777901623580980.jpg',0,NULL,NULL),(1289,250,'','answer-5057215979861609933788.jpg',0,NULL,NULL),(1290,250,'','answer-7070131263831609933788.jpeg',0,NULL,NULL),(1291,251,'','answer-1147443047641609933874.jpg',0,NULL,NULL),(1292,251,'','answer-5166238416011609933874.jpg',1,NULL,NULL),(1293,251,'','answer-8433624603491623581001.jpg',0,NULL,NULL),(1294,251,'','answer-5057210843181609933874.jpg',0,NULL,NULL),(1295,251,'','answer-7070136195751609933874.jpeg',0,NULL,NULL),(1296,252,'','answer-1147445107231609933948.jpg',0,NULL,NULL),(1297,252,'','answer-5166232488411609933948.jpg',0,NULL,NULL),(1298,252,'','answer-8433633519551623581012.jpg',1,NULL,NULL),(1299,252,'','answer-505724944121609933948.jpg',0,NULL,NULL),(1300,252,'','answer-7070136162001609933948.jpeg',0,NULL,NULL),(1301,253,'','answer-11474437821861609934016.jpg',0,NULL,NULL),(1302,253,'','answer-5166228736461609934016.jpg',0,NULL,NULL),(1303,253,'','answer-843365872501623581024.jpg',0,NULL,NULL),(1304,253,'','answer-5057240935111609934016.jpg',1,NULL,NULL),(1305,253,'','answer-707017765361609934016.jpeg',0,NULL,NULL),(1306,254,'','answer-11474448157851609934100.jpg',0,NULL,NULL),(1307,254,'','answer-5166212336881609934100.jpg',0,NULL,NULL),(1308,254,'','answer-8433629274211623581037.jpg',0,NULL,NULL),(1309,254,'','answer-505723534311609934100.jpg',0,NULL,NULL),(1310,254,'','answer-7070139189411609934100.jpeg',1,NULL,NULL),(1311,255,'','answer-11474432878391609934167.jpg',0,NULL,NULL),(1312,255,'','answer-5166242956581609934167.jpg',0,NULL,NULL),(1313,255,'','answer-8433624645401623581049.jpg',0,NULL,NULL),(1314,255,'','answer-5057229991011609934167.jpg',1,NULL,NULL),(1315,255,'','answer-7070147115951609934167.jpeg',0,NULL,NULL),(1316,256,'','answer-11474425682801609934231.jpg',0,NULL,NULL),(1317,256,'','answer-5166214958271609934231.jpg',0,NULL,NULL),(1318,256,'','answer-8433611584531623581062.jpg',1,NULL,NULL),(1319,256,'','answer-5057225762121609934231.jpg',0,NULL,NULL),(1320,256,'','answer-7070115821591609934231.jpeg',0,NULL,NULL),(1321,257,'','answer-11474411887331609934295.jpg',0,NULL,NULL),(1322,257,'','answer-516623537021609934295.jpg',1,NULL,NULL),(1323,257,'','answer-8433616766231623581078.jpg',0,NULL,NULL),(1324,257,'','answer-5057239475451609934295.jpg',0,NULL,NULL),(1325,257,'','answer-7070140465641609934295.jpeg',0,NULL,NULL),(1326,258,'','answer-11474429014141609934371.jpg',0,NULL,NULL),(1327,258,'','answer-5166242345171609934371.jpg',0,NULL,NULL),(1328,258,'','answer-8433634121991623581126.jpg',0,NULL,NULL),(1329,258,'','answer-5057226731801609934371.jpg',0,NULL,NULL),(1330,258,'','answer-7070130294761609934371.jpeg',1,NULL,NULL),(1331,259,'','answer-11474419580341609934433.jpg',1,NULL,NULL),(1332,259,'','answer-5166210801341609934433.jpg',0,NULL,NULL),(1333,259,'','answer-843363759331623581133.jpg',0,NULL,NULL),(1334,259,'','answer-5057222359011609934433.jpg',0,NULL,NULL),(1335,259,'','answer-7070133260751609934433.jpeg',0,NULL,NULL),(1336,260,'','answer-1147449558271609934515.jpg',0,NULL,NULL),(1337,260,'','answer-5166249774851609934515.jpg',0,NULL,NULL),(1338,260,'','answer-8433610095491623581140.jpg',0,NULL,NULL),(1339,260,'','answer-5057227557881609934515.jpg',1,NULL,NULL),(1340,260,'','answer-7070145368131609934515.jpeg',0,NULL,NULL),(1341,261,'','answer-1147443433551609934593.jpg',0,NULL,NULL),(1342,261,'','answer-5166232738061609934593.jpg',0,NULL,NULL),(1343,261,'','answer-8433680251623581148.jpg',0,NULL,NULL),(1344,261,'','answer-5057248227641609934593.jpg',0,NULL,NULL),(1345,261,'','answer-7070131333111609934593.jpeg',1,NULL,NULL),(1346,262,'','answer-11474438986591609934656.jpg',0,NULL,NULL),(1347,262,'','answer-5166222305291609934656.jpg',1,NULL,NULL),(1348,262,'','answer-8433635535141623581155.jpg',0,NULL,NULL),(1349,262,'','answer-5057212060511609934656.jpg',0,NULL,NULL),(1350,262,'','answer-707013233621609934656.jpeg',0,NULL,NULL),(1351,263,'','answer-11474413129331609934720.jpg',0,NULL,NULL),(1352,263,'','answer-5166218786881609934720.jpg',0,NULL,NULL),(1353,263,'','answer-843369176311623581162.jpg',1,NULL,NULL),(1354,263,'','answer-50572950951609934720.jpg',0,NULL,NULL),(1355,263,'','answer-7070114730951619222749.jpeg',0,NULL,NULL),(1356,264,'','answer-11474420892891609934787.jpg',1,NULL,NULL),(1357,264,'','answer-5166240564581609934787.jpg',0,NULL,NULL),(1358,264,'','answer-8433649104991623581169.jpg',0,NULL,NULL),(1359,264,'','answer-5057238090131609934787.jpg',0,NULL,NULL),(1360,264,'','answer-7070145973391619222804.jpeg',0,NULL,NULL),(1361,265,'','answer-11474446549171609934867.jpg',0,NULL,NULL),(1362,265,'','answer-5166233537701609934867.jpg',0,NULL,NULL),(1363,265,'','answer-8433624030051623581177.jpg',1,NULL,NULL),(1364,265,'','answer-5057245849091609934867.jpg',0,NULL,NULL),(1365,265,'','answer-7070127340491609934867.jpeg',0,NULL,NULL),(1366,266,'','answer-11474428473971609934932.jpg',0,NULL,NULL),(1367,266,'','answer-5166236042041609934932.jpg',1,NULL,NULL),(1368,266,'','answer-8433646972341623581184.jpg',0,NULL,NULL),(1369,266,'','answer-505727417271609934932.jpg',0,NULL,NULL),(1370,266,'','answer-7070112849191609934932.jpeg',0,NULL,NULL),(1371,267,'','answer-11474427527481609934994.jpg',0,NULL,NULL),(1372,267,'','answer-5166243227611609934994.jpg',0,NULL,NULL),(1373,267,'','answer-8433639455861623581275.jpg',0,NULL,NULL),(1374,267,'','answer-5057237330891609934994.jpg',1,NULL,NULL),(1375,267,'','answer-7070124824601609934994.jpeg',0,NULL,NULL),(1376,268,'','answer-11474421493961609935053.jpg',1,NULL,NULL),(1377,268,'','answer-516626423151609935053.jpg',0,NULL,NULL),(1378,268,'','answer-8433629193301623581282.jpg',0,NULL,NULL),(1379,268,'','answer-5057239047621609935053.jpg',0,NULL,NULL),(1380,268,'','answer-7070126629851609935053.jpeg',0,NULL,NULL),(1381,269,'','answer-11474415748531609935117.jpg',0,NULL,NULL),(1382,269,'','answer-5166230317701609935117.jpg',0,NULL,NULL),(1383,269,'','answer-8433635121121623581289.jpg',0,NULL,NULL),(1384,269,'','answer-5057232924661609935117.jpg',0,NULL,NULL),(1385,269,'','answer-7070113769101609935117.jpeg',1,NULL,NULL),(1386,270,'','answer-11474424510741609935175.jpg',0,NULL,NULL),(1387,270,'','answer-516627065291609935175.jpg',0,NULL,NULL),(1388,270,'','answer-843368626641623581297.jpg',1,NULL,NULL),(1389,270,'','answer-5057222164461609935175.jpg',0,NULL,NULL),(1390,270,'','answer-7070119382901609935175.jpeg',0,NULL,NULL),(1391,271,'','answer-11474427055991609935248.jpg',0,NULL,NULL),(1392,271,'','answer-5166230109151609935248.jpg',0,NULL,NULL),(1393,271,'','answer-8433633680071623581303.jpg',0,NULL,NULL),(1394,271,'','answer-5057248667941609935248.jpg',0,NULL,NULL),(1395,271,'','answer-7070137224801619222951.jpeg',1,NULL,NULL),(1396,272,'','answer-1147449580361609935318.jpg',0,NULL,NULL),(1397,272,'','answer-5166240332231609935318.jpg',1,NULL,NULL),(1398,272,'','answer-8433614389511623581310.jpg',0,NULL,NULL),(1399,272,'','answer-5057229151851609935318.jpg',0,NULL,NULL),(1400,272,'','answer-7070133131881609935318.jpeg',0,NULL,NULL),(1401,273,'','answer-11474422715341609935400.jpg',0,NULL,NULL),(1402,273,'','answer-5166241279201609935400.jpg',0,NULL,NULL),(1403,273,'','answer-8433639446341623581317.jpg',0,NULL,NULL),(1404,273,'','answer-5057240877261609935400.jpg',1,NULL,NULL),(1405,273,'','answer-7070125190681609935400.jpeg',0,NULL,NULL),(1406,274,'','answer-11474431143331609935464.jpg',1,NULL,NULL),(1407,274,'','answer-5166220056781609935464.jpg',0,NULL,NULL),(1408,274,'','answer-8433640416871623581324.jpg',0,NULL,NULL),(1409,274,'','answer-5057230260081609935464.jpg',0,NULL,NULL),(1410,274,'','answer-7070142644681609935464.jpeg',0,NULL,NULL),(1411,275,'','answer-1147445094771609935530.jpg',0,NULL,NULL),(1412,275,'','answer-5166249966201609935530.jpg',0,NULL,NULL),(1413,275,'','answer-843367896981623581331.jpg',0,NULL,NULL),(1414,275,'','answer-5057243418381609935530.jpg',0,NULL,NULL),(1415,275,'','answer-7070116314071609935530.jpeg',1,NULL,NULL),(1416,276,'','answer-11474412993621609935605.jpg',0,NULL,NULL),(1417,276,'','answer-5166239575211609935605.jpg',0,NULL,NULL),(1418,276,'','answer-843369839981623581338.jpg',0,NULL,NULL),(1419,276,'','answer-5057233361361609935605.jpg',1,NULL,NULL),(1420,276,'','answer-7070119505461619223036.jpeg',0,NULL,NULL),(1421,277,'','answer-11474429337441609935668.jpg',0,NULL,NULL),(1422,277,'','answer-5166228522381609935668.jpg',1,NULL,NULL),(1423,277,'','answer-8433625244201623581445.jpg',0,NULL,NULL),(1424,277,'','answer-5057218182731609935668.jpg',0,NULL,NULL),(1425,277,'','answer-7070145459591609935668.jpeg',0,NULL,NULL),(1426,278,'','answer-11474437296551609935735.jpg',1,NULL,NULL),(1427,278,'','answer-5166238871711609935735.jpg',0,NULL,NULL),(1428,278,'','answer-8433635774371623581483.jpg',0,NULL,NULL),(1429,278,'','answer-5057246435411609935735.jpg',0,NULL,NULL),(1430,278,'','answer-7070121378581609935735.jpeg',0,NULL,NULL),(1431,279,'','answer-11474431752021609935793.jpg',0,NULL,NULL),(1432,279,'','answer-5166220095321609935793.jpg',0,NULL,NULL),(1433,279,'','answer-8433649307771623581489.jpg',1,NULL,NULL),(1434,279,'','answer-5057231348251609935793.jpg',0,NULL,NULL),(1435,279,'','answer-707019962371609935793.jpeg',0,NULL,NULL),(1436,280,'','answer-11474431404281609935864.jpg',0,NULL,NULL),(1437,280,'','answer-516622522401609935864.jpg',0,NULL,NULL),(1438,280,'','answer-8433621828351623581497.jpg',0,NULL,NULL),(1439,280,'','answer-5057230864741609935864.jpg',1,NULL,NULL),(1440,280,'','answer-7070121601221609935864.jpeg',0,NULL,NULL),(1441,281,'','answer-11474411873541609935970.jpg',1,NULL,NULL),(1442,281,'','answer-516625698281609935970.jpg',0,NULL,NULL),(1443,281,'','answer-8433625807681623581506.jpg',0,NULL,NULL),(1444,281,'','answer-505724542621609935970.jpg',0,NULL,NULL),(1445,281,'','answer-707012361041609935970.jpeg',0,NULL,NULL),(1446,282,'','answer-11474447334161609936041.jpg',0,NULL,NULL),(1447,282,'','answer-5166217281301609936041.jpg',0,NULL,NULL),(1448,282,'','answer-843365633871623581509.jpg',0,NULL,NULL),(1449,282,'','answer-5057229652511609936041.jpg',0,NULL,NULL),(1450,282,'','answer-7070140884911609936041.jpeg',1,NULL,NULL),(1451,283,'','answer-11474439653931609936103.jpg',0,NULL,NULL),(1452,283,'','answer-5166241078161609936103.jpg',1,NULL,NULL),(1453,283,'','answer-8433631931301623581517.jpg',0,NULL,NULL),(1454,283,'','answer-5057236821381609936103.jpg',0,NULL,NULL),(1455,283,'','answer-7070135458851609936103.jpeg',0,NULL,NULL),(1456,284,'','answer-11474428424751609936164.jpg',0,NULL,NULL),(1457,284,'','answer-5166240679551609936164.jpg',0,NULL,NULL),(1458,284,'','answer-8433639572621623581525.jpg',1,NULL,NULL),(1459,284,'','answer-5057248150121609936164.jpg',0,NULL,NULL),(1460,284,'','answer-7070128003321609936164.jpeg',0,NULL,NULL),(1461,285,'','answer-11474424881061609936232.jpg',0,NULL,NULL),(1462,285,'','answer-5166217065821609936232.jpg',0,NULL,NULL),(1463,285,'','answer-8433636731451623581532.jpg',0,NULL,NULL),(1464,285,'','answer-5057234060541609936232.jpg',0,NULL,NULL),(1465,285,'','answer-7070111244261609936232.jpeg',1,NULL,NULL),(1466,286,'','answer-11474429720221609936307.jpg',1,NULL,NULL),(1467,286,'','answer-5166216894301609936307.jpg',0,NULL,NULL),(1468,286,'','answer-8433624533891623581539.jpg',0,NULL,NULL),(1469,286,'','answer-5057210040781609936307.jpg',0,NULL,NULL),(1470,286,'','answer-707017680721609936307.jpeg',0,NULL,NULL),(1471,287,'','answer-11474440915341609936378.jpg',0,NULL,NULL),(1472,287,'','answer-5166210180581609936378.jpg',1,NULL,NULL),(1473,287,'','answer-8433610213941623581567.jpg',0,NULL,NULL),(1474,287,'','answer-505726047241609936378.jpg',0,NULL,NULL),(1475,287,'','answer-7070142535841609936378.jpeg',0,NULL,NULL),(1476,288,'','answer-11474418755111609936446.jpg',0,NULL,NULL),(1477,288,'','answer-5166223163561609936446.jpg',0,NULL,NULL),(1478,288,'','answer-8433644149341623581572.jpg',1,NULL,NULL),(1479,288,'','answer-505726973221609936446.jpg',0,NULL,NULL),(1480,288,'','answer-7070123216861609936446.jpeg',0,NULL,NULL),(1481,289,'','answer-11474426222731609936518.jpg',0,NULL,NULL),(1482,289,'','answer-516621262471609936518.jpg',0,NULL,NULL),(1483,289,'','answer-8433646156721623581580.jpg',0,NULL,NULL),(1484,289,'','answer-5057235091071609936518.jpg',1,NULL,NULL),(1485,289,'','answer-7070148332701609936518.jpeg',0,NULL,NULL),(1486,290,'','answer-11474430825801609936578.jpg',0,NULL,NULL),(1487,290,'','answer-5166237709791609936578.jpg',1,NULL,NULL),(1488,290,'','answer-843369129851623581586.jpg',0,NULL,NULL),(1489,290,'','answer-5057235571609936578.jpg',0,NULL,NULL),(1490,290,'','answer-7070146782851609936578.jpeg',0,NULL,NULL),(1491,291,'','answer-11474426480471609936634.jpg',0,NULL,NULL),(1492,291,'','answer-5166233407131609936634.jpg',0,NULL,NULL),(1493,291,'','answer-8433621641051623581616.jpg',0,NULL,NULL),(1494,291,'','answer-505723402181609936634.jpg',1,NULL,NULL),(1495,291,'','answer-7070143695731609936634.jpeg',0,NULL,NULL),(1496,292,'','answer-11474416154011609936694.jpg',0,NULL,NULL),(1497,292,'','answer-5166247002981609936694.jpg',0,NULL,NULL),(1498,292,'','answer-8433630182121623581622.jpg',0,NULL,NULL),(1499,292,'','answer-5057211276381609936694.jpg',0,NULL,NULL),(1500,292,'','answer-7070141385191609936694.jpeg',1,NULL,NULL),(1501,293,'','answer-1147448156061609936754.jpg',1,NULL,NULL),(1502,293,'','answer-516627872871609936754.jpg',0,NULL,NULL),(1503,293,'','answer-8433642216321623581628.jpg',0,NULL,NULL),(1504,293,'','answer-505724552631609936754.jpg',0,NULL,NULL),(1505,293,'','answer-7070147203461609936754.jpeg',0,NULL,NULL),(1506,294,'','answer-11474433730611609936811.jpg',0,NULL,NULL),(1507,294,'','answer-5166231119411609936811.jpg',0,NULL,NULL),(1508,294,'','answer-8433619906031623581635.jpg',1,NULL,NULL),(1509,294,'','answer-5057241036511609936811.jpg',0,NULL,NULL),(1510,294,'','answer-7070121599591609936811.jpeg',0,NULL,NULL),(1511,295,'','answer-11474421930571609936870.jpg',0,NULL,NULL),(1512,295,'','answer-516627884231609936870.jpg',1,NULL,NULL),(1513,295,'','answer-8433648217161623581654.jpg',0,NULL,NULL),(1514,295,'','answer-5057247843221609936870.jpg',0,NULL,NULL),(1515,295,'','answer-7070110410491609936870.jpeg',0,NULL,NULL),(1516,296,'','answer-11474433537401609936930.jpg',0,NULL,NULL),(1517,296,'','answer-5166234698621609936930.jpg',0,NULL,NULL),(1518,296,'','answer-8433641786531623581660.jpg',0,NULL,NULL),(1519,296,'','answer-5057238524111609936930.jpg',1,NULL,NULL),(1520,296,'','answer-7070141897781609936930.jpeg',0,NULL,NULL),(1521,297,'','answer-11474439457991609937000.jpg',0,NULL,NULL),(1522,297,'','answer-516629891391609937000.jpg',0,NULL,NULL),(1523,297,'','answer-8433636742621623581688.jpg',0,NULL,NULL),(1524,297,'','answer-5057229933361609937000.jpg',0,NULL,NULL),(1525,297,'','answer-7070141732521609937000.jpeg',1,NULL,NULL),(1526,298,'','answer-11474433752741609937123.jpg',0,NULL,NULL),(1527,298,'','answer-516626943851609937123.jpg',0,NULL,NULL),(1528,298,'','answer-8433613398511623581695.jpg',1,NULL,NULL),(1529,298,'','answer-505723807981609937123.jpg',0,NULL,NULL),(1530,298,'','answer-7070128168631609937123.jpeg',0,NULL,NULL),(1531,299,'','answer-1147448720331609937180.jpg',1,NULL,NULL),(1532,299,'','answer-5166224239551609937180.jpg',0,NULL,NULL),(1533,299,'','answer-8433636697541623581707.jpg',0,NULL,NULL),(1534,299,'','answer-505727201761609937180.jpg',0,NULL,NULL),(1535,299,'','answer-7070121356071609937180.jpeg',0,NULL,NULL),(1536,300,'','answer-11474418386551609937244.jpg',0,NULL,NULL),(1537,300,'','answer-5166249077171609937244.jpg',1,NULL,NULL),(1538,300,'','answer-8433619502271623581713.jpg',0,NULL,NULL),(1539,300,'','answer-5057216987431609937244.jpg',0,NULL,NULL),(1540,300,'','answer-707015350831609937244.jpeg',0,NULL,NULL),(1541,301,'','answer-11474441113241609937304.jpg',1,NULL,NULL),(1542,301,'','answer-5166221262941609937304.jpg',0,NULL,NULL),(1543,301,'','answer-8433638003341623581719.jpg',0,NULL,NULL),(1544,301,'','answer-5057237459141609937304.jpg',0,NULL,NULL),(1545,301,'','answer-707016646361609937304.jpeg',0,NULL,NULL),(1546,302,'','answer-11474427737261609937369.jpg',0,NULL,NULL),(1547,302,'','answer-5166242962811609937369.jpg',0,NULL,NULL),(1548,302,'','answer-8433640054531623581725.jpg',0,NULL,NULL),(1549,302,'','answer-505728964791609937369.jpg',0,NULL,NULL),(1550,302,'','answer-7070134641471609937369.jpeg',1,NULL,NULL),(1551,303,'','answer-11474442255551609937430.jpg',0,NULL,NULL),(1552,303,'','answer-5166216919441609937430.jpg',0,NULL,NULL),(1553,303,'','answer-843367080161623581732.jpg',0,NULL,NULL),(1554,303,'','answer-5057229063931609937430.jpg',1,NULL,NULL),(1555,303,'','answer-707015157131609937430.jpeg',0,NULL,NULL),(1556,304,'','answer-1147445162141609937494.jpg',0,NULL,NULL),(1557,304,'','answer-5166233590791609937494.jpg',0,NULL,NULL),(1558,304,'','answer-843369729361623581739.jpg',1,NULL,NULL),(1559,304,'','answer-5057212535671609937494.jpg',0,NULL,NULL),(1560,304,'','answer-707017979961609937494.jpeg',0,NULL,NULL),(1561,305,'','answer-11474443969971609937551.jpg',0,NULL,NULL),(1562,305,'','answer-5166213753521609937551.jpg',0,NULL,NULL),(1563,305,'','answer-843369230191623581746.jpg',0,NULL,NULL),(1564,305,'','answer-5057216540781609937551.jpg',0,NULL,NULL),(1565,305,'','answer-7070122571301609937551.jpeg',1,NULL,NULL),(1566,306,'','answer-11474443155081609937614.jpg',0,NULL,NULL),(1567,306,'','answer-516621455741609937614.jpg',0,NULL,NULL),(1568,306,'','answer-8433624721531623581752.jpg',1,NULL,NULL),(1569,306,'','answer-5057236962391609937614.jpg',0,NULL,NULL),(1570,306,'','answer-7070122686521609937614.jpeg',0,NULL,NULL),(1571,307,'','answer-11474444461741609937673.jpg',0,NULL,NULL),(1572,307,'','answer-5166214841971609937673.jpg',1,NULL,NULL),(1573,307,'','answer-8433624895251623581779.jpg',0,NULL,NULL),(1574,307,'','answer-505728250301609937673.jpg',0,NULL,NULL),(1575,307,'','answer-7070124447231609937673.jpeg',0,NULL,NULL),(1576,308,'','answer-11474423521821609937737.jpg',1,NULL,NULL),(1577,308,'','answer-5166216148781609937737.jpg',0,NULL,NULL),(1578,308,'','answer-8433625030531623581786.jpg',0,NULL,NULL),(1579,308,'','answer-5057222827341609937737.jpg',0,NULL,NULL),(1580,308,'','answer-7070137374351609937737.jpeg',0,NULL,NULL),(1581,309,'','answer-11474432358321609937813.jpg',0,NULL,NULL),(1582,309,'','answer-5166243073751609937813.jpg',0,NULL,NULL),(1583,309,'','answer-8433627046171623581792.jpg',0,NULL,NULL),(1584,309,'','answer-5057215126891609937813.jpg',1,NULL,NULL),(1585,309,'','answer-7070141424031609937813.jpeg',0,NULL,NULL),(1586,310,'','answer-11474414147231609938452.jpg',0,NULL,NULL),(1587,310,'','answer-5166247464941609938452.jpg',0,NULL,NULL),(1588,310,'','answer-843363964771623581797.jpg',0,NULL,NULL),(1589,310,'','answer-5057220969101609938452.jpg',0,NULL,NULL),(1590,310,'','answer-7070118068261609938452.jpeg',1,NULL,NULL),(1591,311,'','answer-114744123781609938561.jpg',0,NULL,NULL),(1592,311,'','answer-516625518911609938561.jpg',0,NULL,NULL),(1593,311,'','answer-8433611217171623581805.jpg',0,NULL,NULL),(1594,311,'','answer-5057216595391609938561.jpg',1,NULL,NULL),(1595,311,'','answer-7070115199551609938561.jpeg',0,NULL,NULL),(1596,312,'','answer-1147445721221609938643.jpg',0,NULL,NULL),(1597,312,'','answer-5166210211601609938643.jpg',0,NULL,NULL),(1598,312,'','answer-843361484941623581811.jpg',1,NULL,NULL),(1599,312,'','answer-5057221459661609938643.jpg',0,NULL,NULL),(1600,312,'','answer-7070114489801609938643.jpeg',0,NULL,NULL),(1601,313,'','answer-11474446140221609938828.jpg',0,NULL,NULL),(1602,313,'','answer-5166216547471609938828.jpg',1,NULL,NULL),(1603,313,'','answer-8433629899941623581818.jpg',0,NULL,NULL),(1604,313,'','answer-5057247288601609938828.jpg',0,NULL,NULL),(1605,313,'','answer-7070119115001609938828.jpeg',0,NULL,NULL),(1606,314,'','answer-11474416603631609938940.jpg',1,NULL,NULL),(1607,314,'','answer-5166212568501609938940.jpg',0,NULL,NULL),(1608,314,'','answer-8433647969411623581825.jpg',0,NULL,NULL),(1609,314,'','answer-5057240559891609938940.jpg',0,NULL,NULL),(1610,314,'','answer-707015344241609938940.jpeg',0,NULL,NULL),(1611,315,'','answer-11474415670741609939030.jpg',0,NULL,NULL),(1612,315,'','answer-5166225621101609939030.jpg',0,NULL,NULL),(1613,315,'','answer-8433644473661623581830.jpg',0,NULL,NULL),(1614,315,'','answer-505728863581609939030.jpg',1,NULL,NULL),(1615,315,'','answer-7070125067081609939030.jpeg',0,NULL,NULL),(1616,316,'','answer-11474444211241609939102.jpg',0,NULL,NULL),(1617,316,'','answer-5166245100901609939102.jpg',0,NULL,NULL),(1618,316,'','answer-8433635228591623581837.jpg',1,NULL,NULL),(1619,316,'','answer-5057242283601609939102.jpg',0,NULL,NULL),(1620,316,'','answer-707016784381609939102.jpeg',0,NULL,NULL),(1621,317,'','answer-11474427505471609939163.jpg',0,NULL,NULL),(1622,317,'','answer-5166218965631609939163.jpg',0,NULL,NULL),(1623,317,'','answer-8433638295891623581861.jpg',0,NULL,NULL),(1624,317,'','answer-5057248514031609939163.jpg',0,NULL,NULL),(1625,317,'','answer-7070131797191609939163.jpeg',1,NULL,NULL),(1626,318,'','answer-11474412624651609939228.jpg',1,NULL,NULL),(1627,318,'','answer-5166246265511609939228.jpg',0,NULL,NULL),(1628,318,'','answer-8433614903121623581866.jpg',0,NULL,NULL),(1629,318,'','answer-5057234645671609939228.jpg',0,NULL,NULL),(1630,318,'','answer-7070116668251609939228.jpeg',0,NULL,NULL),(1631,319,'','answer-11474418929311609939302.jpg',0,NULL,NULL),(1632,319,'','answer-516624707221609939302.jpg',1,NULL,NULL),(1633,319,'','answer-8433611921751623581873.jpg',0,NULL,NULL),(1634,319,'','answer-505721837391609939302.jpg',0,NULL,NULL),(1635,319,'','answer-707015943201609939302.jpeg',0,NULL,NULL),(1636,320,'','answer-1147444904031609939455.jpg',0,NULL,NULL),(1637,320,'','answer-5166227669321609939455.jpg',0,NULL,NULL),(1638,320,'','answer-8433612567641623581878.jpg',0,NULL,NULL),(1639,320,'','answer-50572794741609939455.jpg',1,NULL,NULL),(1640,320,'','answer-707012446221609939455.jpeg',0,NULL,NULL),(1641,321,'','answer-11474422860621609939519.jpg',1,NULL,NULL),(1642,321,'','answer-5166240486641609939519.jpg',0,NULL,NULL),(1643,321,'','answer-843362235731623581885.jpg',0,NULL,NULL),(1644,321,'','answer-5057233114931609939519.jpg',0,NULL,NULL),(1645,321,'','answer-7070128448991609939519.jpeg',0,NULL,NULL),(1646,322,'','answer-1147444794011609939587.jpg',0,NULL,NULL),(1647,322,'','answer-5166241433121609939587.jpg',1,NULL,NULL),(1648,322,'','answer-8433621055241623581892.jpg',0,NULL,NULL),(1649,322,'','answer-5057233185071609939587.jpg',0,NULL,NULL),(1650,322,'','answer-707015949591609939587.jpeg',0,NULL,NULL),(1651,323,'','answer-1147449202411609939647.jpg',0,NULL,NULL),(1652,323,'','answer-516623443381609939647.jpg',0,NULL,NULL),(1653,323,'','answer-8433648441171623581898.jpg',1,NULL,NULL),(1654,323,'','answer-5057248933871609939647.jpg',0,NULL,NULL),(1655,323,'','answer-707016809251609939647.jpeg',0,NULL,NULL),(1656,324,'','answer-11474418503791609939714.jpg',0,NULL,NULL),(1657,324,'','answer-5166248169321609939714.jpg',0,NULL,NULL),(1658,324,'','answer-8433641147421623581905.jpg',0,NULL,NULL),(1659,324,'','answer-505729802021609939714.jpg',0,NULL,NULL),(1660,324,'','answer-7070146991921609939714.jpeg',1,NULL,NULL),(1661,325,'','answer-11474443526201609939773.jpg',1,NULL,NULL),(1662,325,'','answer-5166234710721609939773.jpg',0,NULL,NULL),(1663,325,'','answer-8433617880611623581910.jpg',0,NULL,NULL),(1664,325,'','answer-505721343861609939773.jpg',0,NULL,NULL),(1665,325,'','answer-7070127478971609939773.jpeg',0,NULL,NULL),(1666,326,'','answer-11474447472741609939843.jpg',0,NULL,NULL),(1667,326,'','answer-5166221941261609939843.jpg',1,NULL,NULL),(1668,326,'','answer-8433642124631623581916.jpg',0,NULL,NULL),(1669,326,'','answer-5057214747251609939843.jpg',0,NULL,NULL),(1670,326,'','answer-7070133531461609939843.jpeg',0,NULL,NULL),(1671,327,'','answer-11474434893901609939906.jpg',0,NULL,NULL),(1672,327,'','answer-5166248352101609939906.jpg',0,NULL,NULL),(1673,327,'','answer-8433649010221623581936.jpg',0,NULL,NULL),(1674,327,'','answer-505724151131609939906.jpg',0,NULL,NULL),(1675,327,'','answer-7070138533201609939906.jpeg',1,NULL,NULL),(1676,328,'','answer-11474425046621609939964.jpg',0,NULL,NULL),(1677,328,'','answer-516626369491609939964.jpg',0,NULL,NULL),(1678,328,'','answer-8433623441231623581942.jpg',1,NULL,NULL),(1679,328,'','answer-5057216744871609939964.jpg',0,NULL,NULL),(1680,328,'','answer-7070113519921609939964.jpeg',0,NULL,NULL),(1681,329,'','answer-11474447491561609940083.jpg',0,NULL,NULL),(1682,329,'','answer-5166227402211609940083.jpg',0,NULL,NULL),(1683,329,'','answer-843361280331623581948.jpg',0,NULL,NULL),(1684,329,'','answer-505723328781609940083.jpg',1,NULL,NULL),(1685,329,'','answer-7070138214871609940083.jpeg',0,NULL,NULL),(1686,330,'','answer-12518432658661610209245.jpg',0,NULL,NULL),(1687,330,'','answer-14771544438581610209245.jpeg',0,NULL,NULL),(1688,330,'','answer-6904743195881610209245.jpeg',0,NULL,NULL),(1689,330,'','answer-6879733297881610209245.jpg',0,NULL,NULL),(1690,330,'','answer-047337631610209245.png',1,NULL,NULL),(1691,331,'','answer-12518447016101610209646.jpg',0,NULL,NULL),(1692,331,'','answer-14771530762831610209646.jpeg',0,NULL,NULL),(1693,331,'','answer-690474898821610209646.jpeg',0,NULL,NULL),(1694,331,'','answer-6879743409611610209646.jpg',0,NULL,NULL),(1695,331,'','answer-24855426461421610209646.jpg',1,NULL,NULL),(1696,332,'','answer-1251846390431610209812.jpg',0,NULL,NULL),(1697,332,'','answer-1477154465361610209812.jpeg',0,NULL,NULL),(1698,332,'','answer-690476270251610209812.jpeg',0,NULL,NULL),(1699,332,'','answer-6879729889021610209812.jpg',0,NULL,NULL),(1700,332,'','answer-11037026179661619223891.jpg',1,NULL,NULL),(1701,333,'','answer-12518437518791610209943.jpg',1,NULL,NULL),(1702,333,'','answer-14771545667381610209943.jpeg',0,NULL,NULL),(1703,333,'','answer-6904717179701610209943.jpeg',0,NULL,NULL),(1704,333,'','answer-687974262251610209943.jpg',0,NULL,NULL),(1705,333,'','answer-11037041712261619223919.jpg',0,NULL,NULL),(1706,334,'','answer-12518411002731610210072.jpg',0,NULL,NULL),(1707,334,'','answer-1477159469481610210072.jpeg',1,NULL,NULL),(1708,334,'','answer-6904736384651610210072.jpeg',0,NULL,NULL),(1709,334,'','answer-6879745144901610210072.jpg',0,NULL,NULL),(1710,334,'','answer-11037017716101619223958.jpg',0,NULL,NULL),(1711,335,'','answer-12518434338871610210162.jpg',0,NULL,NULL),(1712,335,'','answer-14771531586471610210162.jpeg',0,NULL,NULL),(1713,335,'','answer-6904722681951610210162.jpeg',0,NULL,NULL),(1714,335,'','answer-6879749238501610210162.jpg',1,NULL,NULL),(1715,335,'','answer-11037018437521619223966.jpg',0,NULL,NULL),(1716,336,'','answer-12518418521431610210255.jpg',0,NULL,NULL),(1717,336,'','answer-1477157026701610210255.jpeg',0,NULL,NULL),(1718,336,'','answer-6904733188581610210255.jpeg',1,NULL,NULL),(1719,336,'','answer-6879737374001610210255.jpg',0,NULL,NULL),(1720,336,'','answer-2872229425901610210255.jpg',0,NULL,NULL),(1721,337,'','answer-12518449382691610293253.jpg',0,NULL,NULL),(1722,337,'','answer-14771543631421610293253.jpeg',0,NULL,NULL),(1723,337,'','answer-6904710772671610293253.jpeg',0,NULL,NULL),(1724,337,'','answer-68797780011610293253.jpg',0,NULL,NULL),(1725,337,'','answer-043319201610293278.',0,NULL,NULL),(1726,338,'','answer-12518411513521610293354.jpg',0,NULL,NULL),(1727,338,'','answer-14771544418561610293354.jpeg',0,NULL,NULL),(1728,338,'','answer-6904717270431610293354.jpeg',0,NULL,NULL),(1729,338,'','answer-6879733124561610293354.jpg',0,NULL,NULL),(1730,338,'','answer-11037016912901619223975.jpg',1,NULL,NULL),(1731,339,'','answer-1251849169951610293473.jpg',1,NULL,NULL),(1732,339,'','answer-1477159729801610293473.jpeg',0,NULL,NULL),(1733,339,'','answer-6904717208031610293473.jpeg',0,NULL,NULL),(1734,339,'','answer-6879733373461610293473.jpg',0,NULL,NULL),(1735,339,'','answer-11037049617881619223982.jpg',0,NULL,NULL),(1736,340,'','answer-12518432934701610293584.jpg',0,NULL,NULL),(1737,340,'','answer-14771529415661610293584.jpeg',0,NULL,NULL),(1738,340,'','answer-6904717196311610293584.jpeg',0,NULL,NULL),(1739,340,'','answer-6879716937581610293584.jpg',1,NULL,NULL),(1740,340,'','answer-11037044637871619223989.jpg',0,NULL,NULL),(1741,341,'','answer-12518421862501610293657.jpg',0,NULL,NULL),(1742,341,'','answer-1477159418311610293657.jpeg',1,NULL,NULL),(1743,341,'','answer-6904743949801610293657.jpeg',0,NULL,NULL),(1744,341,'','answer-6879712956161610293657.jpg',0,NULL,NULL),(1745,341,'','answer-11037043307651619223996.jpg',0,NULL,NULL),(1746,342,'','answer-1251847268441610293745.jpg',0,NULL,NULL),(1747,342,'','answer-14771540783701610293745.jpeg',0,NULL,NULL),(1748,342,'','answer-6904745156361610293745.jpeg',1,NULL,NULL),(1749,342,'','answer-687975813101610293745.jpg',0,NULL,NULL),(1750,342,'','answer-11037017891701619224004.jpg',0,NULL,NULL),(1751,343,'','answer-12518437116761610294115.jpg',0,NULL,NULL),(1752,343,'','answer-14771522807521610294115.jpeg',1,NULL,NULL),(1753,343,'','answer-690474308911610294115.jpeg',0,NULL,NULL),(1754,343,'','answer-6879740462251610294115.jpg',0,NULL,NULL),(1755,343,'','answer-1103701336411619224020.jpg',0,NULL,NULL),(1756,344,'','answer-12518412673211610294207.jpg',0,NULL,NULL),(1757,344,'','answer-14771532267131610294207.jpeg',0,NULL,NULL),(1758,344,'','answer-6904735370281610294207.jpeg',0,NULL,NULL),(1759,344,'','answer-6879716717121610294207.jpg',1,NULL,NULL),(1760,344,'','answer-1103709372131619224027.jpg',0,NULL,NULL),(1761,345,'','answer-12518414724661610294288.jpg',0,NULL,NULL),(1762,345,'','answer-1477154877171610294288.jpeg',0,NULL,NULL),(1763,345,'','answer-6904730094001610294288.jpeg',0,NULL,NULL),(1764,345,'','answer-6879725476321610294288.jpg',0,NULL,NULL),(1765,345,'','answer-11037041519841619224051.jpg',1,NULL,NULL),(1766,346,'','answer-12518427174581610294366.jpg',0,NULL,NULL),(1767,346,'','answer-14771524906791610294366.jpeg',0,NULL,NULL),(1768,346,'','answer-690472112161610294366.jpeg',1,NULL,NULL),(1769,346,'','answer-6879736748701610294366.jpg',0,NULL,NULL),(1770,346,'','answer-1103708504711619224058.jpg',0,NULL,NULL),(1771,347,'','answer-12518413936301610294454.jpg',1,NULL,NULL),(1772,347,'','answer-14771517918851610294454.jpeg',0,NULL,NULL),(1773,347,'','answer-6904715164961610294454.jpeg',0,NULL,NULL),(1774,347,'','answer-6879720464501610294454.jpg',0,NULL,NULL),(1775,347,'','answer-11037032372741619224071.jpg',0,NULL,NULL),(1776,348,'','answer-12518430705351610294864.jpg',0,NULL,NULL),(1777,348,'','answer-14771547300391610294864.jpeg',0,NULL,NULL),(1778,348,'','answer-690473183271610294864.jpeg',0,NULL,NULL),(1779,348,'','answer-6879728109891610294864.jpg',1,NULL,NULL),(1780,348,'','answer-2872210121351610294864.jpg',0,NULL,NULL),(1781,349,'','answer-12518415477521610294951.jpg',0,NULL,NULL),(1782,349,'','answer-14771544386841610294951.jpeg',0,NULL,NULL),(1783,349,'','answer-6904714400521610294951.jpeg',0,NULL,NULL),(1784,349,'','answer-687972094751610294951.jpg',1,NULL,NULL),(1785,349,'','answer-11037015888191619224077.jpg',0,NULL,NULL),(1786,350,'','answer-12518431564901610295035.jpg',0,NULL,NULL),(1787,350,'','answer-14771524219291610295035.jpeg',0,NULL,NULL),(1788,350,'','answer-6904731173071610295035.jpeg',1,NULL,NULL),(1789,350,'','answer-6879742701121610295035.jpg',0,NULL,NULL),(1790,350,'','answer-11037046163891619224084.jpg',0,NULL,NULL),(1791,351,'','answer-12518442079171610295145.jpg',0,NULL,NULL),(1792,351,'','answer-14771526200481610295145.jpeg',0,NULL,NULL),(1793,351,'','answer-6904716513121610295145.jpeg',0,NULL,NULL),(1794,351,'','answer-6879715931231610295145.jpg',0,NULL,NULL),(1795,351,'','answer-11037050771619224091.jpg',1,NULL,NULL),(1796,352,'','answer-12518419598931610295243.jpg',1,NULL,NULL),(1797,352,'','answer-14771510647151610295243.jpeg',0,NULL,NULL),(1798,352,'','answer-6904725605191610295243.jpeg',0,NULL,NULL),(1799,352,'','answer-6879722974091610295243.jpg',0,NULL,NULL),(1800,352,'','answer-11037035095761619224103.jpg',0,NULL,NULL),(1801,353,'','answer-12518440808491610295323.jpg',0,NULL,NULL),(1802,353,'','answer-14771530799241610295323.jpeg',1,NULL,NULL),(1803,353,'','answer-690473589821610295323.jpeg',0,NULL,NULL),(1804,353,'','answer-6879710536431610295323.jpg',0,NULL,NULL),(1805,353,'','answer-11037046215531619224108.jpg',0,NULL,NULL),(1806,354,'','answer-12518445256641610295618.jpg',0,NULL,NULL),(1807,354,'','answer-14771537407721610295618.jpeg',0,NULL,NULL),(1808,354,'','answer-69047830291610295618.jpeg',0,NULL,NULL),(1809,354,'','answer-6879721204161610295618.jpg',1,NULL,NULL),(1810,354,'','answer-11037028615501619224115.jpg',0,NULL,NULL),(1811,355,'','answer-12518418356051610295712.jpg',0,NULL,NULL),(1812,355,'','answer-14771516546611610295712.jpeg',0,NULL,NULL),(1813,355,'','answer-6904723848681610295712.jpeg',1,NULL,NULL),(1814,355,'','answer-6879721098221610295712.jpg',0,NULL,NULL),(1815,355,'','answer-11037014052511619224123.jpg',0,NULL,NULL),(1816,356,'','answer-12518410961761610295798.jpg',0,NULL,NULL),(1817,356,'','answer-14771545057191610295798.jpeg',0,NULL,NULL),(1818,356,'','answer-6904736323291610295798.jpeg',0,NULL,NULL),(1819,356,'','answer-6879719951481610295798.jpg',0,NULL,NULL),(1820,356,'','answer-11037010463691619224149.jpg',1,NULL,NULL),(1821,357,'','answer-12518414639631610295880.jpg',1,NULL,NULL),(1822,357,'','answer-14771543297741610295880.jpeg',0,NULL,NULL),(1823,357,'','answer-6904734613931610295880.jpeg',0,NULL,NULL),(1824,357,'','answer-6879745606591610295880.jpg',0,NULL,NULL),(1825,357,'','answer-1103704646641619224154.jpg',0,NULL,NULL),(1826,358,'','answer-1251848874981610295953.jpg',0,NULL,NULL),(1827,358,'','answer-14771524344641610295953.jpeg',1,NULL,NULL),(1828,358,'','answer-6904742725921610295953.jpeg',0,NULL,NULL),(1829,358,'','answer-6879731106051610295953.jpg',0,NULL,NULL),(1830,358,'','answer-11037032599331619224161.jpg',0,NULL,NULL),(1831,359,'','answer-1302272203361610296427.jpeg',0,NULL,NULL),(1832,359,'','answer-3480535869111610296427.jpg',1,NULL,NULL),(1833,359,'','answer-9006415522561610296427.jpeg',0,NULL,NULL),(1834,359,'','answer-12647213696991610296427.jpeg',0,NULL,NULL),(1835,359,'','answer-351187566461610296427.jpg',0,NULL,NULL),(1836,360,'','answer-12518432579481610296537.jpg',0,NULL,NULL),(1837,360,'','answer-14771533680851610296537.jpeg',0,NULL,NULL),(1838,360,'','answer-6904726205041610296537.jpeg',0,NULL,NULL),(1839,360,'','answer-6879710020681610296537.jpg',1,NULL,NULL),(1840,360,'','answer-11037017899051619224176.jpg',0,NULL,NULL),(1841,361,'','answer-1251849086971610296612.jpg',0,NULL,NULL),(1842,361,'','answer-14771517080791610296612.jpeg',0,NULL,NULL),(1843,361,'','answer-6904742519091610296612.jpeg',1,NULL,NULL),(1844,361,'','answer-6879731636831610296612.jpg',0,NULL,NULL),(1845,361,'','answer-11037043870381619224186.jpg',0,NULL,NULL),(1846,362,'','answer-12518442885181610296724.jpg',0,NULL,NULL),(1847,362,'','answer-14771533901091610296724.jpeg',1,NULL,NULL),(1848,362,'','answer-6904728434941610296724.jpeg',0,NULL,NULL),(1849,362,'','answer-6879721734101610296724.jpg',0,NULL,NULL),(1850,362,'','answer-11037048937011619224193.jpg',0,NULL,NULL),(1851,363,'','answer-1251841165771610296824.jpg',1,NULL,NULL),(1852,363,'','answer-1477157689741610296824.jpeg',0,NULL,NULL),(1853,363,'','answer-690473029351610296824.jpeg',0,NULL,NULL),(1854,363,'','answer-6879736747381610296824.jpg',0,NULL,NULL),(1855,363,'','answer-11037021517251619224199.jpg',0,NULL,NULL),(1856,364,'','answer-1251845375271610296897.jpg',0,NULL,NULL),(1857,364,'','answer-14771532521351610296897.jpeg',0,NULL,NULL),(1858,364,'','answer-6904724419591610296897.jpeg',0,NULL,NULL),(1859,364,'','answer-687973664581610296897.jpg',0,NULL,NULL),(1860,364,'','answer-11037037475201619224206.jpg',1,NULL,NULL),(1861,365,'','answer-436472260961610297262.JPG',0,NULL,NULL),(1862,365,'','answer-9268538053291610297262.jpg',0,NULL,NULL),(1863,365,'','answer-5502231569881610297262.jpeg',0,NULL,NULL),(1864,365,'','answer-2214802541211610297262.jpg',1,NULL,NULL),(1865,365,'','answer-4566149417261610297262.jpeg',0,NULL,NULL),(1866,366,'','answer-1045766195361610567628.jpeg',0,NULL,NULL),(1867,366,'','answer-16855635507991610567628.jpeg',0,NULL,NULL),(1868,366,'','answer-6104539821961610567628.jpeg',0,NULL,NULL),(1869,366,'','answer-7070117935291610567628.jpeg',0,NULL,NULL),(1870,366,'','answer-24646033771471610567628.jpeg',0,NULL,NULL),(1871,367,'','answer-3447411561341610624151.jpeg',0,NULL,NULL),(1872,367,'','answer-8645921761571610624151.jpg',0,NULL,NULL),(1873,367,'','answer-6104545807671610624151.jpeg',0,NULL,NULL),(1874,367,'','answer-24646013918391610624151.jpeg',0,NULL,NULL),(1875,367,'','answer-06771351610624195.',0,NULL,NULL),(1876,366,'','answer-3362740566051623053493.jpg',1,NULL,NULL),(1877,366,'','answer-336273230191623053493.jpg',0,NULL,NULL),(1878,366,'','answer-336272442031623053493.jpg',0,NULL,NULL),(1879,366,'','answer-3362733418761623053493.jpg',0,NULL,NULL),(1880,366,'','answer-3362739202381623053493.jpg',0,NULL,NULL),(1881,367,'','answer-3362731292041623054411.jpg',1,NULL,NULL),(1882,367,'','answer-3362742277031623054411.jpg',0,NULL,NULL),(1883,367,'','answer-3362714485471623054411.jpg',0,NULL,NULL),(1884,367,'','answer-3362725562421623054411.jpg',0,NULL,NULL),(1885,367,'','answer-3362737011321623054411.jpg',0,NULL,NULL),(1886,368,'','answer-3362729471921623054847.jpg',0,NULL,NULL),(1887,368,'','answer-3362721277141623054847.jpg',0,NULL,NULL),(1888,368,'','answer-336271039731623054847.jpg',0,NULL,NULL),(1889,368,'','answer-3362742868521623054847.jpg',0,NULL,NULL),(1890,368,'','answer-336271160801623054847.jpg',0,NULL,NULL);
/*!40000 ALTER TABLE `answer_lists` ENABLE KEYS */;
UNLOCK TABLES;

--
-- Table structure for table `categories`
--

DROP TABLE IF EXISTS `categories`;
/*!40101 SET @saved_cs_client     = @@character_set_client */;
/*!40101 SET character_set_client = utf8 */;
CREATE TABLE `categories` (
  `id` bigint(20) unsigned NOT NULL AUTO_INCREMENT,
  `created_at` timestamp NULL DEFAULT NULL,
  `updated_at` timestamp NULL DEFAULT NULL,
  `status` tinyint(1) NOT NULL DEFAULT '1',
  `name` varchar(255) COLLATE utf8mb4_unicode_ci DEFAULT NULL,
  PRIMARY KEY (`id`)
) ENGINE=InnoDB AUTO_INCREMENT=4 DEFAULT CHARSET=utf8mb4 COLLATE=utf8mb4_unicode_ci;
/*!40101 SET character_set_client = @saved_cs_client */;

--
-- Dumping data for table `categories`
--

LOCK TABLES `categories` WRITE;
/*!40000 ALTER TABLE `categories` DISABLE KEYS */;
INSERT INTO `categories` (`id`, `created_at`, `updated_at`, `status`, `name`) VALUES (1,NULL,'2023-06-13 15:21:10',1,'PSI Words'),(2,NULL,NULL,1,'PSI (Sentences) Card A'),(3,NULL,NULL,1,'PSI (Sentences) Card B');
/*!40000 ALTER TABLE `categories` ENABLE KEYS */;
UNLOCK TABLES;

--
-- Table structure for table `cities`
--

DROP TABLE IF EXISTS `cities`;
/*!40101 SET @saved_cs_client     = @@character_set_client */;
/*!40101 SET character_set_client = utf8 */;
CREATE TABLE `cities` (
  `id` bigint(20) unsigned NOT NULL AUTO_INCREMENT,
  `created_at` timestamp NULL DEFAULT NULL,
  `updated_at` timestamp NULL DEFAULT NULL,
  `status` tinyint(1) NOT NULL DEFAULT '1',
  `name` varchar(255) COLLATE utf8mb4_unicode_ci DEFAULT NULL,
  `country_id` int(11) DEFAULT NULL,
  PRIMARY KEY (`id`)
) ENGINE=InnoDB AUTO_INCREMENT=3 DEFAULT CHARSET=utf8mb4 COLLATE=utf8mb4_unicode_ci;
/*!40101 SET character_set_client = @saved_cs_client */;

--
-- Dumping data for table `cities`
--

LOCK TABLES `cities` WRITE;
/*!40000 ALTER TABLE `cities` DISABLE KEYS */;
INSERT INTO `cities` (`id`, `created_at`, `updated_at`, `status`, `name`, `country_id`) VALUES (2,NULL,NULL,1,'Riyadh',4);
/*!40000 ALTER TABLE `cities` ENABLE KEYS */;
UNLOCK TABLES;

--
-- Table structure for table `companies`
--

DROP TABLE IF EXISTS `companies`;
/*!40101 SET @saved_cs_client     = @@character_set_client */;
/*!40101 SET character_set_client = utf8 */;
CREATE TABLE `companies` (
  `id` bigint(20) unsigned NOT NULL AUTO_INCREMENT,
  `created_at` timestamp NULL DEFAULT NULL,
  `updated_at` timestamp NULL DEFAULT NULL,
  `status` tinyint(1) NOT NULL DEFAULT '1',
  `name` varchar(255) COLLATE utf8mb4_unicode_ci DEFAULT NULL,
  `img1` varchar(255) COLLATE utf8mb4_unicode_ci DEFAULT NULL,
  `img2` varchar(255) COLLATE utf8mb4_unicode_ci DEFAULT NULL,
  `imgvaf` varchar(255) COLLATE utf8mb4_unicode_ci DEFAULT NULL,
  `address` varchar(255) COLLATE utf8mb4_unicode_ci DEFAULT NULL,
  `mobile` varchar(255) COLLATE utf8mb4_unicode_ci DEFAULT NULL,
  `email` varchar(255) COLLATE utf8mb4_unicode_ci DEFAULT NULL,
  `currency` varchar(255) COLLATE utf8mb4_unicode_ci DEFAULT NULL,
  `facbook` varchar(255) COLLATE utf8mb4_unicode_ci DEFAULT NULL,
  `twitter` varchar(255) COLLATE utf8mb4_unicode_ci DEFAULT NULL,
  `google_plus` varchar(255) COLLATE utf8mb4_unicode_ci DEFAULT NULL,
  `instrgram` varchar(255) COLLATE utf8mb4_unicode_ci DEFAULT NULL,
  `meta_title` varchar(255) COLLATE utf8mb4_unicode_ci DEFAULT NULL,
  `meta_description` varchar(255) COLLATE utf8mb4_unicode_ci DEFAULT NULL,
  `meta_keyword` varchar(255) COLLATE utf8mb4_unicode_ci DEFAULT NULL,
  `header_script` varchar(255) COLLATE utf8mb4_unicode_ci DEFAULT NULL,
  `footer_script` varchar(255) COLLATE utf8mb4_unicode_ci DEFAULT NULL,
  `default_language` varchar(255) COLLATE utf8mb4_unicode_ci DEFAULT NULL,
  PRIMARY KEY (`id`)
) ENGINE=InnoDB AUTO_INCREMENT=9 DEFAULT CHARSET=utf8mb4 COLLATE=utf8mb4_unicode_ci;
/*!40101 SET character_set_client = @saved_cs_client */;

--
-- Dumping data for table `companies`
--

LOCK TABLES `companies` WRITE;
/*!40000 ALTER TABLE `companies` DISABLE KEYS */;
INSERT INTO `companies` (`id`, `created_at`, `updated_at`, `status`, `name`, `img1`, `img2`, `imgvaf`, `address`, `mobile`, `email`, `currency`, `facbook`, `twitter`, `google_plus`, `instrgram`, `meta_title`, `meta_description`, `meta_keyword`, `header_script`, `footer_script`, `default_language`) VALUES (1,NULL,'2023-01-31 17:01:48',1,'Pediatric speech Intelligibility','1675166508.jpg','assets/images/logo-240741624628.png','1675166508.jpg','Pediatric speech Intelligibility','+91 9066418026','info@saudipsi.com','Rs.','https://www.facebook.com','https://twitter.com','https://plus.google.com/','https://instagram.com/','v',NULL,NULL,NULL,NULL,'english'),(2,'2023-01-24 15:52:46','2023-01-24 15:52:46',1,'speech',NULL,NULL,NULL,'Al Malaz - Salah Al Din Al Ayyubi Rd','0508551173','speech@test.com',NULL,NULL,NULL,NULL,NULL,NULL,NULL,NULL,NULL,NULL,NULL),(3,'2023-01-26 14:34:45','2023-01-26 14:34:45',1,'Opal test',NULL,NULL,NULL,NULL,NULL,'opal@opal.com',NULL,NULL,NULL,NULL,NULL,NULL,NULL,NULL,NULL,NULL,NULL),(4,'2023-05-14 21:24:34','2023-05-14 21:24:34',1,'wafaa test Company',NULL,NULL,NULL,'al qudes street','0598271758','wafaajame@gmail.com',NULL,NULL,NULL,NULL,NULL,NULL,NULL,NULL,NULL,NULL,NULL),(5,'2023-05-27 22:28:58','2023-05-27 22:28:58',1,'geosystems',NULL,NULL,NULL,'anas bin malik road','0507230753','mali@geosystems-me.com',NULL,NULL,NULL,NULL,NULL,NULL,NULL,NULL,NULL,NULL,NULL),(6,'2023-05-31 13:44:57','2023-05-31 13:44:57',1,'Pediatric speech Intelligibility',NULL,NULL,NULL,'safwan',NULL,'safwan@test.com',NULL,NULL,NULL,NULL,NULL,NULL,NULL,NULL,NULL,NULL,NULL),(7,'2023-06-04 16:34:26','2023-06-04 16:34:26',1,'dss',NULL,NULL,NULL,'al qudes street','0598271758','wafaajameCom@gmail.com',NULL,NULL,NULL,NULL,NULL,NULL,NULL,NULL,NULL,NULL,NULL),(8,'2023-06-12 02:11:53','2023-06-12 02:11:53',1,'Sahmtech','1686521513.jpg','1686521513.jpg','1686521513.jpg','anas bin malik','0580111196','support@sahmtech.com','sr',NULL,NULL,NULL,NULL,NULL,NULL,NULL,NULL,NULL,NULL);
/*!40000 ALTER TABLE `companies` ENABLE KEYS */;
UNLOCK TABLES;

--
-- Table structure for table `countries`
--

DROP TABLE IF EXISTS `countries`;
/*!40101 SET @saved_cs_client     = @@character_set_client */;
/*!40101 SET character_set_client = utf8 */;
CREATE TABLE `countries` (
  `id` bigint(20) unsigned NOT NULL AUTO_INCREMENT,
  `created_at` timestamp NULL DEFAULT NULL,
  `updated_at` timestamp NULL DEFAULT NULL,
  `status` tinyint(1) NOT NULL DEFAULT '1',
  `name` varchar(255) COLLATE utf8mb4_unicode_ci DEFAULT NULL,
  PRIMARY KEY (`id`)
) ENGINE=InnoDB AUTO_INCREMENT=6 DEFAULT CHARSET=utf8mb4 COLLATE=utf8mb4_unicode_ci;
/*!40101 SET character_set_client = @saved_cs_client */;

--
-- Dumping data for table `countries`
--

LOCK TABLES `countries` WRITE;
/*!40000 ALTER TABLE `countries` DISABLE KEYS */;
INSERT INTO `countries` (`id`, `created_at`, `updated_at`, `status`, `name`) VALUES (4,NULL,'2023-06-13 10:27:35',1,'Saudi'),(5,NULL,'2023-01-22 15:55:04',1,'Non Saudi');
/*!40000 ALTER TABLE `countries` ENABLE KEYS */;
UNLOCK TABLES;

--
-- Table structure for table `doctors`
--

DROP TABLE IF EXISTS `doctors`;
/*!40101 SET @saved_cs_client     = @@character_set_client */;
/*!40101 SET character_set_client = utf8 */;
CREATE TABLE `doctors` (
  `id` bigint(20) unsigned NOT NULL AUTO_INCREMENT,
  `created_at` timestamp NULL DEFAULT NULL,
  `updated_at` timestamp NULL DEFAULT NULL,
  `company_id` int(11) NOT NULL DEFAULT '1',
  `members_no` varchar(255) COLLATE utf8mb4_unicode_ci DEFAULT NULL,
  `operator_id` int(11) DEFAULT NULL,
  `first_name` varchar(255) COLLATE utf8mb4_unicode_ci DEFAULT NULL,
  `second_name` varchar(255) COLLATE utf8mb4_unicode_ci DEFAULT NULL,
  `last_name` varchar(255) COLLATE utf8mb4_unicode_ci DEFAULT NULL,
  `email` varchar(255) COLLATE utf8mb4_unicode_ci DEFAULT NULL,
  `mobile_no` varchar(255) COLLATE utf8mb4_unicode_ci DEFAULT NULL,
  `password` varchar(255) COLLATE utf8mb4_unicode_ci DEFAULT NULL,
  `activate_code` varchar(255) COLLATE utf8mb4_unicode_ci DEFAULT NULL,
  `password_code` varchar(255) COLLATE utf8mb4_unicode_ci DEFAULT NULL,
  `dob` varchar(255) COLLATE utf8mb4_unicode_ci DEFAULT NULL,
  `gender` enum('male','female') COLLATE utf8mb4_unicode_ci DEFAULT NULL,
  `profile_image` varchar(255) COLLATE utf8mb4_unicode_ci DEFAULT NULL,
  `status` tinyint(1) NOT NULL DEFAULT '1',
  `last_otp` int(11) DEFAULT NULL,
  `last_visit` varchar(255) COLLATE utf8mb4_unicode_ci DEFAULT NULL,
  `register_date` varchar(255) COLLATE utf8mb4_unicode_ci DEFAULT NULL,
  PRIMARY KEY (`id`)
) ENGINE=InnoDB AUTO_INCREMENT=21 DEFAULT CHARSET=utf8mb4 COLLATE=utf8mb4_unicode_ci;
/*!40101 SET character_set_client = @saved_cs_client */;

--
-- Dumping data for table `doctors`
--

LOCK TABLES `doctors` WRITE;
/*!40000 ALTER TABLE `doctors` DISABLE KEYS */;
INSERT INTO `doctors` (`id`, `created_at`, `updated_at`, `company_id`, `members_no`, `operator_id`, `first_name`, `second_name`, `last_name`, `email`, `mobile_no`, `password`, `activate_code`, `password_code`, `dob`, `gender`, `profile_image`, `status`, `last_otp`, `last_visit`, `register_date`) VALUES (8,NULL,NULL,1,'SU10108',3,'yusuf','ali','yusuf','support@sahmtech.com','05468032329','$2y$10$ozLbFyC3diqtXozbwELOiuzXFViEhtKaC47Dsw4CzN8oKF/b.oft2','954f48aa6a37bf3fd5dacb1d06154e98','','','','',1,0,'2022-10-18 07:15:31','2021-01-14 11:02:37'),(11,NULL,NULL,1,'SU10111',3,'wafaa','Chief Doctor ','Surgeon , Cardiologist','wafaajame@gmail.com','0598271758','e10adc3949ba59abbe56e057f20f883e','843043695d5003fbf55ab4803aa2a688','','','','',1,0,'2021-04-15 11:00:52','2021-04-15 11:00:52'),(12,NULL,NULL,1,'SU10112',3,'suhaib','hasan','ali','suhaib@sahmtech.com','0580111196','1c63129ae9db9c60c3e8aa94d3e00495','4e932efc0e8a9abb521d7f713c323fd2','','','','',1,787966,'2021-04-24 14:37:02','2021-04-21 07:15:09'),(13,NULL,NULL,1,'SU10113',3,'Dr. Medhat','Fathy','Yousef','myousef@ksu.edu.sa','00966543395947','475ec174073ee5064e7ce4473a89f963','a90e7b87544996c4224e717cafd6fbc5','','','','',1,427512,'2021-12-07 11:08:46','2021-04-26 09:48:18'),(14,NULL,NULL,1,'SU10114',3,'doctor22','doctor22','Ali','admin@gmail.in','05899999','e10adc3949ba59abbe56e057f20f883e','c6052c60e90bcd5841ea7955568dfd25','','','','',1,0,'2021-12-06 23:13:04','2021-12-06 11:12:51'),(15,'2023-01-21 14:43:11','2023-01-21 14:43:11',1,NULL,NULL,'dasdas','sadasdas','dasdasd','ahmedhesham2012@yahoo.com','01067803011','$2y$10$S8GCYjjSGYMfpL3bIjc0reBeAUHvrNAGbgaRiMl7IpUtZ.XXINVtW',NULL,NULL,NULL,NULL,NULL,1,NULL,NULL,NULL),(16,'2023-01-21 16:37:30','2023-01-21 16:37:30',1,NULL,NULL,NULL,NULL,NULL,'a@a.com',NULL,'$2y$10$UKDwyUHj85p76kT1EZIHCeHJO.IzjQM8bmPJ5zlivVceASMfu7dSy',NULL,NULL,NULL,NULL,NULL,1,NULL,NULL,NULL),(17,'2023-05-14 21:35:08','2023-06-12 20:30:23',4,NULL,NULL,'ms. wafaa','Jame','jame','wafaatest3@gmail.com','0127930000','$2y$10$xRZcqRupRlfK1kllNY.CH.p0eEQh1yAWl1wY7RQbyg/Xt2LIG1CNi',NULL,NULL,NULL,NULL,NULL,1,NULL,NULL,NULL),(18,'2023-06-04 16:40:34','2023-06-04 16:40:34',4,NULL,NULL,'ameer','aqel','TEST','ameer@gmail.com','01279301213','$2y$10$D0k.wPgqO5bU2nsMLFlFpeHiufCMiBTbRoMI4uQ/K5z5oWRd1L5Xq',NULL,NULL,NULL,NULL,NULL,1,NULL,NULL,NULL),(19,'2023-06-04 22:08:53','2023-06-04 22:08:53',4,NULL,NULL,'Ahmed','Jame','mohammed','ahmedtest@gmail.com','01279301414','$2y$10$Nwa69n/90DEw2YP9HtC6OuWjSHZgNZmYgkBAvnFgW6bhmg4V2L7OW',NULL,NULL,NULL,NULL,NULL,1,NULL,NULL,NULL),(20,'2023-06-04 22:39:28','2023-06-04 22:39:28',4,NULL,NULL,'ameer','youef','Aqel','ameertest@gmail.com','01279301515','$2y$10$3jeDwiWEXOqrEEBWloKC3uCZl69iSdnPZt3fhbrOURi42KzaNtCdK',NULL,NULL,NULL,NULL,NULL,1,NULL,NULL,NULL);
/*!40000 ALTER TABLE `doctors` ENABLE KEYS */;
UNLOCK TABLES;

--
-- Table structure for table `earimplants`
--

DROP TABLE IF EXISTS `earimplants`;
/*!40101 SET @saved_cs_client     = @@character_set_client */;
/*!40101 SET character_set_client = utf8 */;
CREATE TABLE `earimplants` (
  `id` bigint(20) unsigned NOT NULL AUTO_INCREMENT,
  `patient_id` varchar(255) COLLATE utf8mb4_unicode_ci DEFAULT NULL,
  `l_normal_hear` varchar(255) COLLATE utf8mb4_unicode_ci DEFAULT NULL,
  `l_hear_loss` varchar(255) COLLATE utf8mb4_unicode_ci DEFAULT NULL,
  `left_hearing_device` varchar(255) COLLATE utf8mb4_unicode_ci DEFAULT NULL,
  `l_implant_date` varchar(255) COLLATE utf8mb4_unicode_ci DEFAULT NULL,
  `r_normal_hear` varchar(255) COLLATE utf8mb4_unicode_ci DEFAULT NULL,
  `r_hear_loss` varchar(255) COLLATE utf8mb4_unicode_ci DEFAULT NULL,
  `right_hearing_device` varchar(255) COLLATE utf8mb4_unicode_ci DEFAULT NULL,
  `r_implant_date` varchar(255) COLLATE utf8mb4_unicode_ci DEFAULT NULL,
  `l_no_device` varchar(255) COLLATE utf8mb4_unicode_ci DEFAULT NULL,
  `r_no_device` varchar(255) COLLATE utf8mb4_unicode_ci DEFAULT NULL,
  `l_hear_aid` varchar(255) COLLATE utf8mb4_unicode_ci DEFAULT NULL,
  `r_hear_aid` varchar(255) COLLATE utf8mb4_unicode_ci DEFAULT NULL,
  `l_hear_imp_system` varchar(255) COLLATE utf8mb4_unicode_ci DEFAULT NULL,
  `r_hear_imp_system` varchar(255) COLLATE utf8mb4_unicode_ci DEFAULT NULL,
  `l_cochlear_implant` varchar(255) COLLATE utf8mb4_unicode_ci DEFAULT NULL,
  `r_cochlear_implant` varchar(255) COLLATE utf8mb4_unicode_ci DEFAULT NULL,
  `l_cochlear_implant_ear` varchar(255) COLLATE utf8mb4_unicode_ci DEFAULT NULL,
  `r_cochlear_implant_ear` varchar(255) COLLATE utf8mb4_unicode_ci DEFAULT NULL,
  `l_middle_ear` varchar(255) COLLATE utf8mb4_unicode_ci DEFAULT NULL,
  `r_middle_ear` varchar(255) COLLATE utf8mb4_unicode_ci DEFAULT NULL,
  `l_bone_implant` varchar(255) COLLATE utf8mb4_unicode_ci DEFAULT NULL,
  `r_bone_implant` varchar(255) COLLATE utf8mb4_unicode_ci DEFAULT NULL,
  `l_brain_implant` varchar(255) COLLATE utf8mb4_unicode_ci DEFAULT NULL,
  `r_brain_implant` varchar(255) COLLATE utf8mb4_unicode_ci DEFAULT NULL,
  `l_hybrid_system` int(11) DEFAULT NULL,
  `r_hybrid_system` int(11) DEFAULT NULL,
  `l_adhesive_bone` int(11) DEFAULT NULL,
  `r_adhesive_bone` int(11) DEFAULT NULL,
  `created_at` timestamp NULL DEFAULT NULL,
  `updated_at` timestamp NULL DEFAULT NULL,
  PRIMARY KEY (`id`)
) ENGINE=InnoDB AUTO_INCREMENT=35 DEFAULT CHARSET=utf8mb4 COLLATE=utf8mb4_unicode_ci;
/*!40101 SET character_set_client = @saved_cs_client */;

--
-- Dumping data for table `earimplants`
--

LOCK TABLES `earimplants` WRITE;
/*!40000 ALTER TABLE `earimplants` DISABLE KEYS */;
INSERT INTO `earimplants` (`id`, `patient_id`, `l_normal_hear`, `l_hear_loss`, `left_hearing_device`, `l_implant_date`, `r_normal_hear`, `r_hear_loss`, `right_hearing_device`, `r_implant_date`, `l_no_device`, `r_no_device`, `l_hear_aid`, `r_hear_aid`, `l_hear_imp_system`, `r_hear_imp_system`, `l_cochlear_implant`, `r_cochlear_implant`, `l_cochlear_implant_ear`, `r_cochlear_implant_ear`, `l_middle_ear`, `r_middle_ear`, `l_bone_implant`, `r_bone_implant`, `l_brain_implant`, `r_brain_implant`, `l_hybrid_system`, `r_hybrid_system`, `l_adhesive_bone`, `r_adhesive_bone`, `created_at`, `updated_at`) VALUES (22,'35',NULL,NULL,NULL,NULL,NULL,NULL,NULL,NULL,'1','1','1','1','2','2',NULL,NULL,'2','2',NULL,NULL,NULL,NULL,'1','1',NULL,NULL,1,1,NULL,'2021-04-17 23:11:24'),(23,'36',NULL,NULL,NULL,NULL,NULL,NULL,NULL,NULL,'1','1','1','1','1','1','1','1','1','2',NULL,'1',NULL,NULL,'1','1',NULL,NULL,NULL,NULL,NULL,'2021-04-17 23:11:24'),(24,'39',NULL,NULL,NULL,NULL,NULL,NULL,NULL,NULL,'1',NULL,NULL,'1',NULL,NULL,NULL,NULL,NULL,NULL,NULL,NULL,'1','1',NULL,NULL,1,1,NULL,NULL,NULL,'2021-04-17 23:17:21'),(25,'40',NULL,NULL,NULL,NULL,NULL,NULL,NULL,NULL,'1','1','1','1','1','1','1','1','1','1','1','1','1','1','1','1',NULL,NULL,NULL,NULL,NULL,'2021-04-17 23:26:41'),(26,'41',NULL,NULL,NULL,NULL,NULL,NULL,NULL,NULL,'1','1','2','1','1','2','1','1','2','2','1','1','1','2','1','1',NULL,NULL,NULL,NULL,NULL,'2021-04-19 08:01:31'),(27,'42',NULL,NULL,NULL,NULL,NULL,NULL,NULL,NULL,'1','1','2','1','1','2','1','1','2','2','1','1','1','2','1','1',NULL,NULL,NULL,NULL,NULL,'2021-04-20 15:38:17'),(28,'43',NULL,NULL,NULL,NULL,NULL,NULL,NULL,NULL,'2','2','1','1','2','2','2','2','2','2','1','1','2','2','2','2',NULL,NULL,NULL,NULL,NULL,'2021-04-20 15:56:20'),(29,'44',NULL,NULL,NULL,NULL,NULL,NULL,NULL,NULL,'2','2','1','1','2','2','2','2','2','2','1','1','2','2','2','2',NULL,NULL,NULL,NULL,NULL,'2021-04-20 17:43:05'),(30,'45',NULL,NULL,NULL,NULL,NULL,NULL,NULL,NULL,'1','1','1','1','1','1','1','1','1','1','1','1','1','1','1','1',NULL,NULL,NULL,NULL,NULL,'2021-04-21 17:29:22'),(31,'46','1','1','l_no_device','2021-05-01',NULL,NULL,'','','2','2','2','2','2','2','2','2','2','2','2','2','2','2','2','2',NULL,NULL,NULL,NULL,NULL,'2021-04-24 13:02:46'),(32,'47',NULL,NULL,NULL,NULL,NULL,NULL,NULL,NULL,'2','2','2','2','2','2','1','1','2','2','2','2','2','2','2','2',NULL,NULL,NULL,NULL,NULL,'2021-04-26 19:52:05'),(33,'48',NULL,NULL,'l_hear_aid','2021-05-29',NULL,NULL,'r_hear_aid','2021-05-30',NULL,NULL,NULL,NULL,NULL,NULL,NULL,NULL,NULL,NULL,NULL,NULL,NULL,NULL,NULL,NULL,NULL,NULL,NULL,NULL,NULL,'2021-05-01 04:39:34'),(34,'50',NULL,NULL,NULL,NULL,NULL,NULL,NULL,NULL,NULL,NULL,NULL,NULL,NULL,NULL,NULL,NULL,NULL,NULL,NULL,NULL,NULL,NULL,NULL,NULL,NULL,NULL,NULL,NULL,NULL,'2021-05-01 12:55:25');
/*!40000 ALTER TABLE `earimplants` ENABLE KEYS */;
UNLOCK TABLES;

--
-- Table structure for table `failed_jobs`
--

DROP TABLE IF EXISTS `failed_jobs`;
/*!40101 SET @saved_cs_client     = @@character_set_client */;
/*!40101 SET character_set_client = utf8 */;
CREATE TABLE `failed_jobs` (
  `id` bigint(20) unsigned NOT NULL AUTO_INCREMENT,
  `uuid` varchar(255) COLLATE utf8mb4_unicode_ci NOT NULL,
  `connection` text COLLATE utf8mb4_unicode_ci NOT NULL,
  `queue` text COLLATE utf8mb4_unicode_ci NOT NULL,
  `payload` longtext COLLATE utf8mb4_unicode_ci NOT NULL,
  `exception` longtext COLLATE utf8mb4_unicode_ci NOT NULL,
  `failed_at` timestamp NOT NULL DEFAULT CURRENT_TIMESTAMP,
  PRIMARY KEY (`id`),
  UNIQUE KEY `failed_jobs_uuid_unique` (`uuid`)
) ENGINE=InnoDB DEFAULT CHARSET=utf8mb4 COLLATE=utf8mb4_unicode_ci;
/*!40101 SET character_set_client = @saved_cs_client */;

--
-- Dumping data for table `failed_jobs`
--

LOCK TABLES `failed_jobs` WRITE;
/*!40000 ALTER TABLE `failed_jobs` DISABLE KEYS */;
/*!40000 ALTER TABLE `failed_jobs` ENABLE KEYS */;
UNLOCK TABLES;

--
-- Table structure for table `levels`
--

DROP TABLE IF EXISTS `levels`;
/*!40101 SET @saved_cs_client     = @@character_set_client */;
/*!40101 SET character_set_client = utf8 */;
CREATE TABLE `levels` (
  `id` bigint(20) unsigned NOT NULL AUTO_INCREMENT,
  `category_id` int(11) DEFAULT NULL,
  `order` int(11) DEFAULT NULL,
  `name` varchar(255) COLLATE utf8mb4_unicode_ci DEFAULT NULL,
  `description` varchar(255) COLLATE utf8mb4_unicode_ci DEFAULT NULL,
  `image_name` varchar(255) COLLATE utf8mb4_unicode_ci DEFAULT NULL,
  `status` tinyint(1) NOT NULL DEFAULT '1',
  `created_at` timestamp NULL DEFAULT NULL,
  `updated_at` timestamp NULL DEFAULT NULL,
  PRIMARY KEY (`id`)
) ENGINE=InnoDB AUTO_INCREMENT=32 DEFAULT CHARSET=utf8mb4 COLLATE=utf8mb4_unicode_ci;
/*!40101 SET character_set_client = @saved_cs_client */;

--
-- Dumping data for table `levels`
--

LOCK TABLES `levels` WRITE;
/*!40000 ALTER TABLE `levels` DISABLE KEYS */;
INSERT INTO `levels` (`id`, `category_id`, `order`, `name`, `description`, `image_name`, `status`, `created_at`, `updated_at`) VALUES (1,1,1,'Track 1','Calibration Tone','level-705771317771.jpg',1,NULL,'2023-01-24 11:05:04'),(2,1,13,'Track 13','','level-705771019210.jpg',1,NULL,'2023-01-26 14:25:57'),(3,1,2,'Track 2','','level-705774941716.jpg',1,NULL,NULL),(6,1,3,'Track 3','','level-705774574815.jpg',1,NULL,NULL),(7,1,4,'Track 4','','level-705773923402.jpg',1,NULL,NULL),(8,1,5,'Track 5','','level-705773999872.jpg',1,NULL,'2023-01-26 14:27:07'),(9,1,6,'Track 6','','level-705774710852.jpg',1,NULL,NULL),(10,1,7,'Track 7','','level-70577582342.jpg',1,NULL,NULL),(11,1,8,'Track 8','','level-705772044328.jpg',1,NULL,NULL),(12,1,9,'Track 9','','level-705773125729.jpg',1,NULL,NULL),(13,1,10,'Track 10','','level-70577429038.jpg',1,NULL,NULL),(14,1,11,'Track 11','','level-705773145931.jpg',1,NULL,NULL),(15,1,12,'Track 12','','level-705773195767.jpg',1,NULL,NULL),(17,2,15,'Track 15','','level-705773677388.jpg',1,NULL,NULL),(18,2,16,'Track 16','','level-70577559514.jpg',1,NULL,NULL),(19,2,17,'Track 17','','level-705771140026.jpg',1,NULL,NULL),(20,3,22,'Track 22','','level-705771899449.jpg',1,NULL,NULL),(21,3,23,'Track 23','','level-705773183502.jpg',1,NULL,NULL),(22,3,24,'Track 24','','level-705772684035.jpg',1,NULL,NULL),(23,2,14,'Track 14','Calibration tune','level-70577271138.jpg',1,NULL,NULL),(24,3,21,'Track 21','Calibration tune','level-705772639072.jpg',1,NULL,NULL),(26,2,18,'Track 18','','level-705773764044.jpg',1,NULL,NULL),(27,2,19,'Track 19','','level-705774553867.jpg',1,NULL,NULL),(28,2,20,'Track 20','','level-70577707647.jpg',1,NULL,NULL),(29,3,25,'Track 25','','level-705773575711.jpg',1,NULL,NULL),(30,3,26,'Track 26','','level-705772537374.jpg',1,NULL,NULL),(31,3,27,'Track 27','','level-70577970563.jpg',1,NULL,NULL);
/*!40000 ALTER TABLE `levels` ENABLE KEYS */;
UNLOCK TABLES;

--
-- Table structure for table `migrations`
--

DROP TABLE IF EXISTS `migrations`;
/*!40101 SET @saved_cs_client     = @@character_set_client */;
/*!40101 SET character_set_client = utf8 */;
CREATE TABLE `migrations` (
  `id` int(10) unsigned NOT NULL AUTO_INCREMENT,
  `migration` varchar(255) COLLATE utf8mb4_unicode_ci NOT NULL,
  `batch` int(11) NOT NULL,
  PRIMARY KEY (`id`)
) ENGINE=InnoDB AUTO_INCREMENT=27 DEFAULT CHARSET=utf8mb4 COLLATE=utf8mb4_unicode_ci;
/*!40101 SET character_set_client = @saved_cs_client */;

--
-- Dumping data for table `migrations`
--

LOCK TABLES `migrations` WRITE;
/*!40000 ALTER TABLE `migrations` DISABLE KEYS */;
INSERT INTO `migrations` (`id`, `migration`, `batch`) VALUES (1,'2014_10_12_000000_create_users_table',1),(2,'2014_10_12_100000_create_password_resets_table',1),(3,'2016_06_01_000001_create_oauth_auth_codes_table',1),(4,'2016_06_01_000002_create_oauth_access_tokens_table',1),(5,'2016_06_01_000003_create_oauth_refresh_tokens_table',1),(6,'2016_06_01_000004_create_oauth_clients_table',1),(7,'2016_06_01_000005_create_oauth_personal_access_clients_table',1),(8,'2019_08_19_000000_create_failed_jobs_table',1),(9,'2019_12_14_000001_create_personal_access_tokens_table',1),(10,'2023_01_06_171527_create_admins_table',1),(11,'2023_01_08_113013_create_countries_table',1),(12,'2023_01_08_113043_create_cities_table',1),(13,'2023_01_08_113109_create_categories_table',1),(14,'2023_01_08_113417_create_companies_table',1),(15,'2023_01_08_113445_create_doctors_table',1),(16,'2023_01_08_113638_create_levels_table',1),(17,'2023_01_08_113728_create_earimplants_table',1),(18,'2023_01_08_113816_create_patients_table',1),(19,'2023_01_08_113840_create_questions_table',1),(20,'2023_01_08_114410_create_results_table',1),(21,'2023_01_08_114728_create_test_histories_table',1),(22,'2023_01_08_114814_create_answer_lists_table',1),(23,'2023_01_08_150725_create_permission_tables',1),(24,'2023_01_11_090314_create_admingroups_table',1),(25,'2023_01_11_090343_create_adminroles_table',1),(26,'2023_01_11_090434_create_admingroup_adminrole_table',1);
/*!40000 ALTER TABLE `migrations` ENABLE KEYS */;
UNLOCK TABLES;

--
-- Table structure for table `model_has_permissions`
--

DROP TABLE IF EXISTS `model_has_permissions`;
/*!40101 SET @saved_cs_client     = @@character_set_client */;
/*!40101 SET character_set_client = utf8 */;
CREATE TABLE `model_has_permissions` (
  `permission_id` bigint(20) unsigned NOT NULL,
  `model_type` varchar(255) COLLATE utf8mb4_unicode_ci NOT NULL,
  `model_id` bigint(20) unsigned NOT NULL,
  PRIMARY KEY (`permission_id`,`model_id`,`model_type`),
  KEY `model_has_permissions_model_id_model_type_index` (`model_id`,`model_type`),
  CONSTRAINT `model_has_permissions_permission_id_foreign` FOREIGN KEY (`permission_id`) REFERENCES `permissions` (`id`) ON DELETE CASCADE
) ENGINE=InnoDB DEFAULT CHARSET=utf8mb4 COLLATE=utf8mb4_unicode_ci;
/*!40101 SET character_set_client = @saved_cs_client */;

--
-- Dumping data for table `model_has_permissions`
--

LOCK TABLES `model_has_permissions` WRITE;
/*!40000 ALTER TABLE `model_has_permissions` DISABLE KEYS */;
/*!40000 ALTER TABLE `model_has_permissions` ENABLE KEYS */;
UNLOCK TABLES;

--
-- Table structure for table `model_has_roles`
--

DROP TABLE IF EXISTS `model_has_roles`;
/*!40101 SET @saved_cs_client     = @@character_set_client */;
/*!40101 SET character_set_client = utf8 */;
CREATE TABLE `model_has_roles` (
  `role_id` bigint(20) unsigned NOT NULL,
  `model_type` varchar(255) COLLATE utf8mb4_unicode_ci NOT NULL,
  `model_id` bigint(20) unsigned NOT NULL,
  PRIMARY KEY (`role_id`,`model_id`,`model_type`),
  KEY `model_has_roles_model_id_model_type_index` (`model_id`,`model_type`),
  CONSTRAINT `model_has_roles_role_id_foreign` FOREIGN KEY (`role_id`) REFERENCES `roles` (`id`) ON DELETE CASCADE
) ENGINE=InnoDB DEFAULT CHARSET=utf8mb4 COLLATE=utf8mb4_unicode_ci;
/*!40101 SET character_set_client = @saved_cs_client */;

--
-- Dumping data for table `model_has_roles`
--

LOCK TABLES `model_has_roles` WRITE;
/*!40000 ALTER TABLE `model_has_roles` DISABLE KEYS */;
/*!40000 ALTER TABLE `model_has_roles` ENABLE KEYS */;
UNLOCK TABLES;

--
-- Table structure for table `oauth_access_tokens`
--

DROP TABLE IF EXISTS `oauth_access_tokens`;
/*!40101 SET @saved_cs_client     = @@character_set_client */;
/*!40101 SET character_set_client = utf8 */;
CREATE TABLE `oauth_access_tokens` (
  `id` varchar(100) COLLATE utf8mb4_unicode_ci NOT NULL,
  `user_id` bigint(20) unsigned DEFAULT NULL,
  `client_id` char(36) COLLATE utf8mb4_unicode_ci NOT NULL,
  `name` varchar(255) COLLATE utf8mb4_unicode_ci DEFAULT NULL,
  `scopes` text COLLATE utf8mb4_unicode_ci,
  `revoked` tinyint(1) NOT NULL,
  `created_at` timestamp NULL DEFAULT NULL,
  `updated_at` timestamp NULL DEFAULT NULL,
  `expires_at` datetime DEFAULT NULL,
  PRIMARY KEY (`id`),
  KEY `oauth_access_tokens_user_id_index` (`user_id`)
) ENGINE=InnoDB DEFAULT CHARSET=utf8mb4 COLLATE=utf8mb4_unicode_ci;
/*!40101 SET character_set_client = @saved_cs_client */;

--
-- Dumping data for table `oauth_access_tokens`
--

LOCK TABLES `oauth_access_tokens` WRITE;
/*!40000 ALTER TABLE `oauth_access_tokens` DISABLE KEYS */;
INSERT INTO `oauth_access_tokens` (`id`, `user_id`, `client_id`, `name`, `scopes`, `revoked`, `created_at`, `updated_at`, `expires_at`) VALUES ('0439aee6be9e619a0cc462caa0a0b5c40597caf5c70bbe3539388e282b0e3298e1049088210b2f0d',17,'98477061-d727-454d-825c-8923d7a152b8','android','[]',0,'2023-06-04 18:47:50','2023-06-04 18:47:50','2024-06-04 14:47:50'),('09d4bbe6c15d3c4714ed17c6f859ee974bbc9c39e3602de05085d54cf57b07f0ffd8ff69d5bdf98c',17,'98477061-d727-454d-825c-8923d7a152b8','android','[]',0,'2023-06-04 17:22:02','2023-06-04 17:22:02','2024-06-04 13:22:02'),('0f561f0cb98753530aac725b950ffc0dedd3dd4c5778e812b846690867252610021eedffe6b6affb',17,'98477061-d727-454d-825c-8923d7a152b8','android','[]',0,'2023-06-04 19:55:08','2023-06-04 19:55:08','2024-06-04 15:55:08'),('125420e90d2e068bdc2e0a59e1d556e861dc441f51f67f7d7e2c8e1c3bf7481a34fcc674a4fdc619',17,'98477061-d727-454d-825c-8923d7a152b8','android','[]',0,'2023-06-05 15:58:18','2023-06-05 15:58:18','2024-06-05 11:58:18'),('14255b4521f597a0d5e5aba4c36aa3e26ec1c318655bf21f282ce0ba024de64485a17b7b5774369d',17,'98477061-d727-454d-825c-8923d7a152b8','android','[]',0,'2023-06-04 20:14:48','2023-06-04 20:14:48','2024-06-04 16:14:48'),('1b8eaf18acbec7b3d420905eba6d8c9f09bee417a405cb66422f823e3ada54aab4e60f15b725e99a',17,'98477061-d727-454d-825c-8923d7a152b8','android','[]',0,'2023-06-04 21:40:02','2023-06-04 21:40:02','2024-06-04 17:40:02'),('1c5208687e8cab38b4101a94eeadcba12140ce204ae0429c401dcc9346c5c70641baa92855605907',17,'98477061-d727-454d-825c-8923d7a152b8','android','[]',0,'2023-06-05 16:01:10','2023-06-05 16:01:10','2024-06-05 12:01:10'),('1e4e0c04a355032e2015ce9899b1f38f533968c54db7339f9ba7a6453c23515365bf3d50088d31cc',17,'98477061-d727-454d-825c-8923d7a152b8','android','[]',0,'2023-06-04 16:40:53','2023-06-04 16:40:53','2024-06-04 12:40:53'),('27019a057fffd89b6597ffca07a294e67f291ef1d23b34f4375e3ee0961907ea9851d6c1a5a1379f',17,'98477061-d727-454d-825c-8923d7a152b8','android','[]',0,'2023-06-04 19:15:14','2023-06-04 19:15:14','2024-06-04 15:15:14'),('28221a41323a7574f865752dcf43fcd4c1c3ecdc9b7438f7355a32109a297694a2d3c6014ad8fa89',19,'98477061-d727-454d-825c-8923d7a152b8','android','[]',0,'2023-06-05 15:38:27','2023-06-05 15:38:27','2024-06-05 11:38:27'),('2ce322e30b6f7118a541fbe03127eef94e3e4388ca35e3591324e576c1499e739b8604cd2d0e364e',19,'98477061-d727-454d-825c-8923d7a152b8','android','[]',0,'2023-06-05 14:42:00','2023-06-05 14:42:00','2024-06-05 10:42:00'),('2dbc039f46b168e52df74d7fb3e8c18171b8821aec60f1a44058268552935b29bb4b5e5d1d10651e',17,'98477061-d727-454d-825c-8923d7a152b8','android','[]',0,'2023-06-04 16:51:02','2023-06-04 16:51:02','2024-06-04 12:51:02'),('32067d1f72a63998b076aff0213d6635688b7c30959175657b314666a23ff2e33eab07aa6e64757f',17,'98477061-d727-454d-825c-8923d7a152b8','android','[]',0,'2023-06-04 19:37:11','2023-06-04 19:37:11','2024-06-04 15:37:11'),('3bdc7362d9c47fc5fb08a6c528d41ca28b5cbf6a554cda95c93b91f26537cbbfbbe1ee8bc5204fcb',17,'98477061-d727-454d-825c-8923d7a152b8','android','[]',0,'2023-06-04 20:35:48','2023-06-04 20:35:48','2024-06-04 16:35:48'),('4284def0ce471e7c2ab22edabbbaccf31acbb229241111ed4d3420c899ba92fb58b14432f440e87a',15,'98477061-d727-454d-825c-8923d7a152b8','android','[]',0,'2023-01-21 16:53:47','2023-01-21 16:53:47','2024-01-21 18:53:47'),('5259234d2e039213ceac27842b1f35620a4f65123809bf8a341d08d25d8d820cdb9796099b0afa0b',17,'98477061-d727-454d-825c-8923d7a152b8','android','[]',0,'2023-06-04 17:05:06','2023-06-04 17:05:06','2024-06-04 13:05:06'),('6374730659bef5d097728685d585ecf51dac3635d71b0a095099b2a369976effc815165945d323e9',15,'98477061-d727-454d-825c-8923d7a152b8','android','[]',0,'2023-01-21 16:54:20','2023-01-21 16:54:20','2024-01-21 18:54:20'),('640cfbe68cbb737724452ff4ca1d7d55bde9fb4748d72d7888c4d763173bea220a02a47ecafadb6f',17,'98477061-d727-454d-825c-8923d7a152b8','android','[]',0,'2023-06-05 18:01:01','2023-06-05 18:01:01','2024-06-05 14:01:01'),('646ad6afd2cb157bc375206aa95df348d3b197bec8ff10c17b697ea56e9060c5c6d2d24a48b8796a',17,'98477061-d727-454d-825c-8923d7a152b8','android','[]',0,'2023-06-05 18:14:16','2023-06-05 18:14:16','2024-06-05 14:14:16'),('64b6ca3d06e6ae0e2b7a5ae0c5a6bce7a7702a805567bbf8b6940871d27f9f56c7733cd5276b6a13',17,'98477061-d727-454d-825c-8923d7a152b8','android','[]',0,'2023-06-04 21:46:57','2023-06-04 21:46:57','2024-06-04 17:46:57'),('6826705e6416ae3cbd9f2d489a2c4811c54fb9efaf9ff1a9c386f76db56ec37acfef915454fa2b02',17,'98477061-d727-454d-825c-8923d7a152b8','android','[]',0,'2023-06-04 20:53:08','2023-06-04 20:53:08','2024-06-04 16:53:08'),('6a7a61cf2b19069abefa975cf7f4546efa8a65ae14bdc4d1c66b47c091b8c25fabd7beb3a762baa8',17,'98477061-d727-454d-825c-8923d7a152b8','android','[]',0,'2023-06-04 18:54:36','2023-06-04 18:54:36','2024-06-04 14:54:36'),('6b37a8551cc00720e26ea875e62b7ef875d5f0d85a65253b8fd495203b82ab11780ebd1ad476b809',17,'98477061-d727-454d-825c-8923d7a152b8','android','[]',0,'2023-06-05 17:32:14','2023-06-05 17:32:14','2024-06-05 13:32:14'),('7280c36e9df79bcebf2fabc7230d44bfe82e7cffff201f4ecc1965446fa0739e3ed71c611efea1fd',17,'98477061-d727-454d-825c-8923d7a152b8','android','[]',0,'2023-06-04 20:58:36','2023-06-04 20:58:36','2024-06-04 16:58:36'),('752187449ca26dba65b524868b6508ad82e97daba01887e57496dfbecb8d4be70cf9aae93b9992a8',19,'98477061-d727-454d-825c-8923d7a152b8','android','[]',0,'2023-06-05 13:36:25','2023-06-05 13:36:25','2024-06-05 09:36:25'),('7b152a16e279a9e00740794c742a6fc4581eb9b0a16b46ab88bbb0dfae177abf4d6323685a59774b',17,'98477061-d727-454d-825c-8923d7a152b8','android','[]',0,'2023-06-11 20:34:25','2023-06-11 20:34:25','2024-06-11 16:34:25'),('7bd3d4e80f53e0179e7f6bf08d5a2edc4ab520991d77c7bbc2c6e65dad44e067e4219ceb6125bfb2',15,'98477061-d727-454d-825c-8923d7a152b8','android','[]',0,'2023-01-21 16:54:24','2023-01-21 16:54:24','2024-01-21 18:54:24'),('820cd1f2fb0be0dbdf89c52062de1b906e6b0097e4659ec8ee1bd9ddb8e776efdf947947e1cc4b2b',17,'98477061-d727-454d-825c-8923d7a152b8','android','[]',0,'2023-06-04 17:09:56','2023-06-04 17:09:56','2024-06-04 13:09:56'),('849cdf64120a54398b7a76dd2c2740d7483912517260d76a32a9b08e357722e898d440b231a8ffd2',19,'98477061-d727-454d-825c-8923d7a152b8','android','[]',0,'2023-06-04 22:10:41','2023-06-04 22:10:41','2024-06-04 18:10:41'),('8b822dc7a18ce0a17801459271bc05567e93438db523e08aea660fe805da6900cd806a6442807a5a',17,'98477061-d727-454d-825c-8923d7a152b8','android','[]',0,'2023-06-04 18:40:01','2023-06-04 18:40:01','2024-06-04 14:40:01'),('8cd7eb830dc2ff6f1016cb989dac218185155d26dfb278d151776b7ecc7ae1e95781c11ab4ee3e5f',17,'98477061-d727-454d-825c-8923d7a152b8','android','[]',0,'2023-06-04 21:24:07','2023-06-04 21:24:07','2024-06-04 17:24:07'),('986ac7f2a823ddd8799a74690cd9f7f43771243f5f0d3552e9e8c0f8edf2834bb4c95f48bcba0c67',19,'98477061-d727-454d-825c-8923d7a152b8','android','[]',0,'2023-06-05 13:19:27','2023-06-05 13:19:27','2024-06-05 09:19:27'),('a0f80181410be5bdd29c95dcf11a4d1a7980973ebbd7e7cf42ab25e985c4d9d2462bdc1d7cf53d9b',16,'98477061-d727-454d-825c-8923d7a152b8','android','[]',0,'2023-01-21 16:50:02','2023-01-21 16:50:02','2024-01-21 18:50:02'),('a4d709b98b2e2a60ba8236e123046de0be32f1ba436b4c015fae7a449361a0e98216e5eec4138110',19,'98477061-d727-454d-825c-8923d7a152b8','android','[]',0,'2023-06-05 15:37:04','2023-06-05 15:37:04','2024-06-05 11:37:04'),('b03da275202edabf70abf93e8684b04a42f62696ba65156e89883268aaa352637ccc115a1e7cdaf2',15,'98477061-d727-454d-825c-8923d7a152b8','android','[]',0,'2023-01-21 16:50:32','2023-01-21 16:50:32','2024-01-21 18:50:32'),('b0df1b0183190fa2c29eadad22c7c78409a0bf5cf33d405cdda7e8b908bb4660810b5b9bce2460cd',17,'98477061-d727-454d-825c-8923d7a152b8','android','[]',0,'2023-06-04 17:18:27','2023-06-04 17:18:27','2024-06-04 13:18:27'),('b2382ab6b747e9ee3e7ceb5feaf01b091780962c198f0d04c7e5ed70670ec82ce22567948c1e21ed',17,'98477061-d727-454d-825c-8923d7a152b8','android','[]',0,'2023-06-12 01:45:01','2023-06-12 01:45:01','2024-06-11 21:45:01'),('b7bbebde382095c38fbd42c2b0ec701a2b91d17578a7f6796c506f9e6764f0d189987984f21d7339',17,'98477061-d727-454d-825c-8923d7a152b8','android','[]',0,'2023-06-05 15:48:44','2023-06-05 15:48:44','2024-06-05 11:48:44'),('b80981fcd7f5bb95d6dd7ecda4fa59e4ceba9d3fceda4d5635c74f845712f09ffc75db2a2f76ba8e',17,'98477061-d727-454d-825c-8923d7a152b8','android','[]',0,'2023-06-04 21:24:50','2023-06-04 21:24:50','2024-06-04 17:24:50'),('b8217d5b7daf2aec018335abc64a1e5f19d1c64b0a1bdc30de026958f4d0c699f79cd5d9d85582ac',17,'98477061-d727-454d-825c-8923d7a152b8','android','[]',0,'2023-06-11 21:14:58','2023-06-11 21:14:58','2024-06-11 17:14:58'),('bb786ccdef5b63303eda3f87516b328e0138a34362fb50312c90814f464e3d79622370a44da4156f',16,'98477061-d727-454d-825c-8923d7a152b8','Laravel-9-Passport-Auth','[]',0,'2023-01-21 16:37:30','2023-01-21 16:37:30','2024-01-21 18:37:30'),('bd6ad36d3cec9a13e5c2bef55370e22a9549e195dddda2c5169e74d20b76c95ea0f0f3208ab60371',17,'98477061-d727-454d-825c-8923d7a152b8','android','[]',0,'2023-06-05 18:03:44','2023-06-05 18:03:44','2024-06-05 14:03:44'),('c9b95f5207badd6f1d9bdfed5db02cbde36ccf4c8fe4ffc147f6dce65647d9b60a34f51a067814ac',17,'98477061-d727-454d-825c-8923d7a152b8','android','[]',0,'2023-06-12 20:51:31','2023-06-12 20:51:31','2024-06-12 16:51:31'),('cc2b611c71b593ee1d41c49116c18f9b86d96f41dc1819c87d20af063ebd6edd097646b82790e864',19,'98477061-d727-454d-825c-8923d7a152b8','android','[]',0,'2023-06-05 14:03:51','2023-06-05 14:03:51','2024-06-05 10:03:51'),('cceaa1c7451a3f1892ee1e07c5a58557a6cc3eccd300ff47744ed0116b85f2f3f516c1cfd959997f',20,'98477061-d727-454d-825c-8923d7a152b8','android','[]',0,'2023-06-05 15:42:41','2023-06-05 15:42:41','2024-06-05 11:42:41'),('ce50b4837f36a47ba0df3f0c32f849b272328064ebab2cff96d37d84f270886bffd96d0eb4e7c113',17,'98477061-d727-454d-825c-8923d7a152b8','android','[]',0,'2023-06-04 20:47:53','2023-06-04 20:47:53','2024-06-04 16:47:53'),('ce689587c605ed838aaa6891dd7213e4079a875ac72559d9634b3d49b81d9d27c7e8aa9e5c6cf7ab',15,'98477061-d727-454d-825c-8923d7a152b8','android','[]',0,'2023-01-21 16:57:45','2023-01-21 16:57:45','2024-01-21 18:57:45'),('cec082c308e0cc6d941cb2823a753d03dfb053f11daa58f3436f47a6eef5863ee48aa287a82d99de',17,'98477061-d727-454d-825c-8923d7a152b8','android','[]',0,'2023-06-12 01:41:39','2023-06-12 01:41:39','2024-06-11 21:41:39'),('d0d6e75c29b6b493feb6e0043fbc50a68e7e9f1c6c8ddd137cd5156d9db71d9bb67bfaaa34947bcb',19,'98477061-d727-454d-825c-8923d7a152b8','android','[]',0,'2023-06-05 15:05:21','2023-06-05 15:05:21','2024-06-05 11:05:21'),('dd34a0625d1fa47048872a779e572e6d98662b2ed43e759398ba6c0c68cf0c139da137bb349dd73a',17,'98477061-d727-454d-825c-8923d7a152b8','android','[]',0,'2023-06-05 15:43:01','2023-06-05 15:43:01','2024-06-05 11:43:01'),('f8d527da0a582cc708bec5fdfd6ee988a7844eb295eed899140ed50f1ef83afa4d6a0fc46c405f45',19,'98477061-d727-454d-825c-8923d7a152b8','android','[]',0,'2023-06-05 13:07:06','2023-06-05 13:07:06','2024-06-05 09:07:06'),('f9fa5b1b62a072ba3d001afc7d49cf84902e7ba694c7bb27ccd8b3966012755e61b523244a240397',17,'98477061-d727-454d-825c-8923d7a152b8','android','[]',0,'2023-06-04 17:14:31','2023-06-04 17:14:31','2024-06-04 13:14:31'),('ffb4e40347024c6d8774449dd21c088c8d4d2232d97470bb7100b31e13e221a8786a4e25d201ac38',17,'98477061-d727-454d-825c-8923d7a152b8','android','[]',0,'2023-06-04 17:51:26','2023-06-04 17:51:26','2024-06-04 13:51:26');
/*!40000 ALTER TABLE `oauth_access_tokens` ENABLE KEYS */;
UNLOCK TABLES;

--
-- Table structure for table `oauth_auth_codes`
--

DROP TABLE IF EXISTS `oauth_auth_codes`;
/*!40101 SET @saved_cs_client     = @@character_set_client */;
/*!40101 SET character_set_client = utf8 */;
CREATE TABLE `oauth_auth_codes` (
  `id` varchar(100) COLLATE utf8mb4_unicode_ci NOT NULL,
  `user_id` bigint(20) unsigned NOT NULL,
  `client_id` char(36) COLLATE utf8mb4_unicode_ci NOT NULL,
  `scopes` text COLLATE utf8mb4_unicode_ci,
  `revoked` tinyint(1) NOT NULL,
  `expires_at` datetime DEFAULT NULL,
  PRIMARY KEY (`id`),
  KEY `oauth_auth_codes_user_id_index` (`user_id`)
) ENGINE=InnoDB DEFAULT CHARSET=utf8mb4 COLLATE=utf8mb4_unicode_ci;
/*!40101 SET character_set_client = @saved_cs_client */;

--
-- Dumping data for table `oauth_auth_codes`
--

LOCK TABLES `oauth_auth_codes` WRITE;
/*!40000 ALTER TABLE `oauth_auth_codes` DISABLE KEYS */;
/*!40000 ALTER TABLE `oauth_auth_codes` ENABLE KEYS */;
UNLOCK TABLES;

--
-- Table structure for table `oauth_clients`
--

DROP TABLE IF EXISTS `oauth_clients`;
/*!40101 SET @saved_cs_client     = @@character_set_client */;
/*!40101 SET character_set_client = utf8 */;
CREATE TABLE `oauth_clients` (
  `id` char(36) COLLATE utf8mb4_unicode_ci NOT NULL,
  `user_id` bigint(20) unsigned DEFAULT NULL,
  `name` varchar(255) COLLATE utf8mb4_unicode_ci NOT NULL,
  `secret` varchar(100) COLLATE utf8mb4_unicode_ci DEFAULT NULL,
  `provider` varchar(255) COLLATE utf8mb4_unicode_ci DEFAULT NULL,
  `redirect` text COLLATE utf8mb4_unicode_ci NOT NULL,
  `personal_access_client` tinyint(1) NOT NULL,
  `password_client` tinyint(1) NOT NULL,
  `revoked` tinyint(1) NOT NULL,
  `created_at` timestamp NULL DEFAULT NULL,
  `updated_at` timestamp NULL DEFAULT NULL,
  PRIMARY KEY (`id`),
  KEY `oauth_clients_user_id_index` (`user_id`)
) ENGINE=InnoDB DEFAULT CHARSET=utf8mb4 COLLATE=utf8mb4_unicode_ci;
/*!40101 SET character_set_client = @saved_cs_client */;

--
-- Dumping data for table `oauth_clients`
--

LOCK TABLES `oauth_clients` WRITE;
/*!40000 ALTER TABLE `oauth_clients` DISABLE KEYS */;
INSERT INTO `oauth_clients` (`id`, `user_id`, `name`, `secret`, `provider`, `redirect`, `personal_access_client`, `password_client`, `revoked`, `created_at`, `updated_at`) VALUES ('98477017-b06a-4b45-82d7-8c683d2ce4e8',NULL,'jiovani Personal Access Client','zg1UCwgxcx5HUGkoKPM7pxbC9AjggbqKHF3zdrKZ',NULL,'http://localhost',1,0,0,'2023-01-21 16:31:47','2023-01-21 16:31:47'),('98477017-b461-4adf-a466-ea7c29f2eaa1',NULL,'jiovani Password Grant Client','fV2CArkN8EOVyqXw25x3VmLj19OdztRqAeanb41x','users','http://localhost',0,1,0,'2023-01-21 16:31:47','2023-01-21 16:31:47'),('98477024-713d-4b06-8202-8122ded4d56f',NULL,'jiovani Personal Access Client','U4w5f1KpKzXS7kN8lKGOi8swzio3oEILBHCr0cAB',NULL,'http://localhost',1,0,0,'2023-01-21 16:31:55','2023-01-21 16:31:55'),('98477024-758d-45f1-8dce-9032aea5ab57',NULL,'jiovani Password Grant Client','Ihh23PrfRvyjtWVqXxn9czpb5COWfhpsZ2r9wFpA','users','http://localhost',0,1,0,'2023-01-21 16:31:55','2023-01-21 16:31:55'),('98477061-d727-454d-825c-8923d7a152b8',NULL,'jiovani Personal Access Client','yu3tZl4gLdZuQWyHtqgMgTaBKQZ6mLgPoC3yqFfF',NULL,'http://localhost',1,0,0,'2023-01-21 16:32:35','2023-01-21 16:32:35'),('98477061-db3b-4c10-b27a-16ca9fb70b74',NULL,'jiovani Password Grant Client','FC9OW6nkh9ipBUhbYVLmCZXYDoaB0WTIvLpeQTNn','users','http://localhost',0,1,0,'2023-01-21 16:32:35','2023-01-21 16:32:35');
/*!40000 ALTER TABLE `oauth_clients` ENABLE KEYS */;
UNLOCK TABLES;

--
-- Table structure for table `oauth_personal_access_clients`
--

DROP TABLE IF EXISTS `oauth_personal_access_clients`;
/*!40101 SET @saved_cs_client     = @@character_set_client */;
/*!40101 SET character_set_client = utf8 */;
CREATE TABLE `oauth_personal_access_clients` (
  `id` bigint(20) unsigned NOT NULL AUTO_INCREMENT,
  `client_id` char(36) COLLATE utf8mb4_unicode_ci NOT NULL,
  `created_at` timestamp NULL DEFAULT NULL,
  `updated_at` timestamp NULL DEFAULT NULL,
  PRIMARY KEY (`id`)
) ENGINE=InnoDB AUTO_INCREMENT=5 DEFAULT CHARSET=utf8mb4 COLLATE=utf8mb4_unicode_ci;
/*!40101 SET character_set_client = @saved_cs_client */;

--
-- Dumping data for table `oauth_personal_access_clients`
--

LOCK TABLES `oauth_personal_access_clients` WRITE;
/*!40000 ALTER TABLE `oauth_personal_access_clients` DISABLE KEYS */;
INSERT INTO `oauth_personal_access_clients` (`id`, `client_id`, `created_at`, `updated_at`) VALUES (1,'98473a72-d4de-482b-bba3-7623d74207c5','2023-01-21 14:01:47','2023-01-21 14:01:47'),(2,'98477017-b06a-4b45-82d7-8c683d2ce4e8','2023-01-21 16:31:47','2023-01-21 16:31:47'),(3,'98477024-713d-4b06-8202-8122ded4d56f','2023-01-21 16:31:55','2023-01-21 16:31:55'),(4,'98477061-d727-454d-825c-8923d7a152b8','2023-01-21 16:32:35','2023-01-21 16:32:35');
/*!40000 ALTER TABLE `oauth_personal_access_clients` ENABLE KEYS */;
UNLOCK TABLES;

--
-- Table structure for table `oauth_refresh_tokens`
--

DROP TABLE IF EXISTS `oauth_refresh_tokens`;
/*!40101 SET @saved_cs_client     = @@character_set_client */;
/*!40101 SET character_set_client = utf8 */;
CREATE TABLE `oauth_refresh_tokens` (
  `id` varchar(100) COLLATE utf8mb4_unicode_ci NOT NULL,
  `access_token_id` varchar(100) COLLATE utf8mb4_unicode_ci NOT NULL,
  `revoked` tinyint(1) NOT NULL,
  `expires_at` datetime DEFAULT NULL,
  PRIMARY KEY (`id`),
  KEY `oauth_refresh_tokens_access_token_id_index` (`access_token_id`)
) ENGINE=InnoDB DEFAULT CHARSET=utf8mb4 COLLATE=utf8mb4_unicode_ci;
/*!40101 SET character_set_client = @saved_cs_client */;

--
-- Dumping data for table `oauth_refresh_tokens`
--

LOCK TABLES `oauth_refresh_tokens` WRITE;
/*!40000 ALTER TABLE `oauth_refresh_tokens` DISABLE KEYS */;
/*!40000 ALTER TABLE `oauth_refresh_tokens` ENABLE KEYS */;
UNLOCK TABLES;

--
-- Table structure for table `password_resets`
--

DROP TABLE IF EXISTS `password_resets`;
/*!40101 SET @saved_cs_client     = @@character_set_client */;
/*!40101 SET character_set_client = utf8 */;
CREATE TABLE `password_resets` (
  `email` varchar(255) COLLATE utf8mb4_unicode_ci NOT NULL,
  `token` varchar(255) COLLATE utf8mb4_unicode_ci NOT NULL,
  `created_at` timestamp NULL DEFAULT NULL,
  PRIMARY KEY (`email`)
) ENGINE=InnoDB DEFAULT CHARSET=utf8mb4 COLLATE=utf8mb4_unicode_ci;
/*!40101 SET character_set_client = @saved_cs_client */;

--
-- Dumping data for table `password_resets`
--

LOCK TABLES `password_resets` WRITE;
/*!40000 ALTER TABLE `password_resets` DISABLE KEYS */;
/*!40000 ALTER TABLE `password_resets` ENABLE KEYS */;
UNLOCK TABLES;

--
-- Table structure for table `patients`
--

DROP TABLE IF EXISTS `patients`;
/*!40101 SET @saved_cs_client     = @@character_set_client */;
/*!40101 SET character_set_client = utf8 */;
CREATE TABLE `patients` (
  `id` bigint(20) unsigned NOT NULL AUTO_INCREMENT,
  `company_id` int(11) NOT NULL DEFAULT '1',
  `medical_no` varchar(255) COLLATE utf8mb4_unicode_ci DEFAULT NULL,
  `members_no` varchar(255) COLLATE utf8mb4_unicode_ci DEFAULT NULL,
  `first_name` varchar(255) COLLATE utf8mb4_unicode_ci DEFAULT NULL,
  `last_name` varchar(255) COLLATE utf8mb4_unicode_ci DEFAULT NULL,
  `second_name` varchar(255) COLLATE utf8mb4_unicode_ci DEFAULT NULL,
  `email` varchar(255) COLLATE utf8mb4_unicode_ci DEFAULT NULL,
  `mobile_no` varchar(255) COLLATE utf8mb4_unicode_ci DEFAULT NULL,
  `dob` varchar(255) COLLATE utf8mb4_unicode_ci DEFAULT NULL,
  `gender` enum('male','female') COLLATE utf8mb4_unicode_ci DEFAULT NULL,
  `country_id` int(11) DEFAULT NULL,
  `city_id` int(11) DEFAULT NULL,
  `left_normal_hear` int(11) DEFAULT NULL,
  `left_hearing_device` int(11) DEFAULT NULL,
  `left_implant_date` varchar(255) COLLATE utf8mb4_unicode_ci DEFAULT NULL,
  `right_normal_hear` int(11) DEFAULT NULL,
  `right_hearing_device` int(11) DEFAULT NULL,
  `right_implant_date` varchar(255) COLLATE utf8mb4_unicode_ci DEFAULT NULL,
  `status` tinyint(1) DEFAULT NULL,
  `register_date` varchar(255) COLLATE utf8mb4_unicode_ci DEFAULT NULL,
  `created_at` timestamp NULL DEFAULT NULL,
  `updated_at` timestamp NULL DEFAULT NULL,
  PRIMARY KEY (`id`)
) ENGINE=InnoDB AUTO_INCREMENT=75 DEFAULT CHARSET=utf8mb4 COLLATE=utf8mb4_unicode_ci;
/*!40101 SET character_set_client = @saved_cs_client */;

--
-- Dumping data for table `patients`
--

LOCK TABLES `patients` WRITE;
/*!40000 ALTER TABLE `patients` DISABLE KEYS */;
INSERT INTO `patients` (`id`, `company_id`, `medical_no`, `members_no`, `first_name`, `last_name`, `second_name`, `email`, `mobile_no`, `dob`, `gender`, `country_id`, `city_id`, `left_normal_hear`, `left_hearing_device`, `left_implant_date`, `right_normal_hear`, `right_hearing_device`, `right_implant_date`, `status`, `register_date`, `created_at`, `updated_at`) VALUES (35,1,'36995','','Ramy','Ahmed','Ahmed','nrsf@gmail.com','6666966','2021-04-19','female',4,2,NULL,NULL,NULL,NULL,NULL,NULL,1,'2021-04-20 08:39:01',NULL,NULL),(36,1,'325865','','ameer','Ahmed','beach','hjhh@gmail.com','6666969589','2021-04-02','',4,NULL,NULL,NULL,NULL,NULL,NULL,NULL,1,'2021-04-18 11:35:20',NULL,NULL),(39,1,'123','','PANDIYAN','G','G','gpandiyan.tech@gmail.com','9066418026','1990-12-12','',4,4,NULL,NULL,NULL,NULL,NULL,NULL,1,'2021-04-18 11:35:29',NULL,NULL),(40,1,'123','','patient','234','123','test@gmail.com','1234567','2020-11-05','',4,NULL,NULL,NULL,NULL,NULL,NULL,NULL,1,'2021-04-18 11:35:44',NULL,NULL),(41,1,'5885','','ali','ali','omer','workabdo702@gmail.com','5468032343','1997-01-10','female',4,NULL,NULL,NULL,NULL,NULL,NULL,NULL,1,'2021-04-19 10:01:31',NULL,NULL),(42,1,'4344','','Mohammed','Ola','basel','ssdwe_aa@gmail.com','507064267','1997-03-10','male',4,NULL,NULL,NULL,NULL,NULL,NULL,NULL,1,'2021-04-20 05:38:17',NULL,NULL),(43,1,'1254','','qameer','aqel','yousef','ameer2@hotmail.com','0597064265','1993-3-17','male',4,NULL,NULL,NULL,NULL,NULL,NULL,NULL,1,'2021-04-20 05:56:20',NULL,NULL),(44,1,'1254','','qameer','aqel','yousef','ameer2@hotmail.com','0597064265','1993-3-17','male',4,NULL,NULL,NULL,NULL,NULL,NULL,NULL,1,'2021-04-20 07:43:05',NULL,NULL),(45,1,'1122334455','','yazan','ali','suhaib','support@sahmtech.com','0551661309','1991-03-30','female',4,0,1,1,'',1,1,'',1,'2021-05-02 09:01:36',NULL,NULL),(46,1,'54321','','banan1','ali1','suhaib1','su@gmail.com','04444444444444441','1991-03-24','',4,2,NULL,NULL,NULL,NULL,NULL,NULL,1,'2021-05-01 08:02:28',NULL,NULL),(47,1,'123456','','Medhat','Test','Test','mmmm@yahoo.com','0544444444','1990-03-27','male',4,NULL,NULL,NULL,NULL,NULL,NULL,NULL,1,'2021-04-26 09:52:05',NULL,NULL),(48,1,'369951','','MithraDass','K','Dass','admin2@gmail.com','23280721','2021-05-01','',4,0,NULL,NULL,NULL,NULL,NULL,NULL,1,'2021-05-01 08:11:39',NULL,NULL),(49,1,'10344','SU10149','PANDIYAN','GANDHI','G','gpandiyan.tech3@gmail.com','9066418026','2021-05-13','male',4,2,1,0,'2021-05-12',2,0,'2021-05-18',1,'2021-05-07 03:11:19',NULL,NULL),(50,1,'123','','patient','234','123','test@gmail.com','1234567','2020-11-05','male',1,NULL,1,1,'2021-01-01',1,1,'2021-01-01',1,'2021-05-01 02:55:25',NULL,NULL),(51,1,'123456','','Mtest','Yousef','','','0543395947','1990-04-19','male',4,NULL,2,2,'',2,3,'',1,'2021-05-19 04:44:47',NULL,NULL),(52,1,'123456','','Mtest','Yousef','','','0543395947','1990-04-19','male',4,NULL,2,2,'',2,3,'',1,'2021-05-19 04:45:39',NULL,NULL),(53,1,'562389','','Test','Test','Test','','00966543395947','1990-04-19','female',4,NULL,1,0,'',1,0,'',1,'2021-05-19 04:49:13',NULL,NULL),(54,1,'142536','','xyz','xyz','xyz','','543395947','1991-04-19','male',4,NULL,1,0,'',2,2,'1993-04-19',1,'2021-05-19 04:50:22',NULL,NULL),(55,1,'12121212','','Medhat','Test','Test','','0543395947','1990-05-09','male',4,2,1,0,'',1,0,'',1,'2021-06-08 09:12:28',NULL,NULL),(56,1,'21402777','','test 2','name','name','suhaib@sahmtech.com','0580111196','1990-05-16','male',4,2,1,0,'',2,2,'',1,'2021-06-16 08:18:03',NULL,NULL),(57,1,'123987','','Medhat','Youseftest','','','0543213211','1990-08-20','male',0,0,2,1,'',1,0,'',1,'2021-09-20 07:31:26',NULL,NULL),(58,1,'123456','','Medhat','Test','','','05555555555','1990-08-20','male',5,2,2,1,'',1,0,'',1,'2021-09-20 07:54:16',NULL,NULL),(59,1,'988765','','suhaib','ali','h','','058000011','1983-08-20','male',5,0,1,0,'',1,0,'',1,'2021-09-20 07:55:53',NULL,NULL),(60,1,'10090336','','JANAN','OTAIF','','','0506005745','2011-11-02','female',4,0,2,3,'',2,2,'',1,'2021-10-04 07:45:10',NULL,NULL),(61,1,'000000000','','test','kauh','kaesc','aaaaaa@aaa.com','0555555555','1994-09-14','male',4,2,2,1,'',1,0,'',1,'2021-10-14 12:02:25',NULL,NULL),(62,1,'10144717','','Abdullah','altamimi','rashid','','0503211458','2016-07-16','male',0,0,2,3,'',2,3,'',1,'2021-11-07 06:56:12',NULL,NULL),(63,1,'10052445','','Reem','Alhlali','abdulkhaliq','','0556294187','2012-10-02','male',4,2,2,1,'',2,3,'',1,'2021-11-07 07:34:27',NULL,NULL),(64,1,'123456','','ameer','aqel','ayousef','ameer@hotmail.com','0597064265','1992-11-16','male',0,0,1,0,'',1,0,'',1,'2021-12-06 04:33:11',NULL,NULL),(65,1,'333','SU10165','ali','ahmad','ahmas','ahmad@psi.com','6666666','2021-12-07','',4,5,2,5,'',1,NULL,'',1,'2021-12-06 11:19:13',NULL,NULL),(66,1,'123456','','Medhat','Yousef','','','0554443333','1990-11-07','male',0,0,1,0,'',1,0,'',1,'2021-12-07 11:16:17',NULL,NULL),(67,1,'123321123321','','kids','ali','ali','suhaib@sahmtech.com','058000000','1984-11-08','male',4,2,1,0,'',2,2,'1990-11-08',1,'2021-12-08 06:59:59',NULL,NULL),(68,1,'10321414','','Batal','Almalki','Taher','','0501415779','2018-09-30','male',4,0,2,2,'2020-01-24',2,2,'2020-01-24',1,'2022-02-24 12:03:47',NULL,NULL),(69,1,'099','','ahmad','test','','','0555555555','2000-03-06','male',0,2,1,0,'',2,1,'',1,'2022-04-06 06:46:44',NULL,NULL),(70,1,'12345','','Medhat','Yousef','','','0543395947','1990-03-17','male',5,2,1,0,'',1,0,'',1,'2022-04-17 08:22:23',NULL,NULL),(71,1,'10292211','','Mohammed','Alharbi','Saleh','','0555172772','2019-09-02','male',4,2,2,1,'',2,1,'',1,'2022-11-15 08:15:57',NULL,NULL),(72,3,'123654789','0','test','-','test','admin@test.com','0506969699','2005-12-26','female',4,2,1,NULL,NULL,2,8,'2021-12-20',1,'2023-02-02','2023-02-02 12:17:09','2023-02-02 12:17:42'),(73,4,'MRN1234','0','TEST','TEST','jame','wafaajame@gmail.com','0598271758','2014-09-21','female',4,2,1,NULL,NULL,1,NULL,NULL,1,'2023-05-14','2023-05-14 21:42:33','2023-05-14 21:42:33'),(74,4,'MRN1234','0','wafaa','rrr','jame6','wafaajame444@gmail.com','059827175855','2012-10-20','male',4,2,NULL,NULL,NULL,NULL,NULL,NULL,1,'2023-06-04','2023-06-04 17:53:30','2023-06-04 17:53:30');
/*!40000 ALTER TABLE `patients` ENABLE KEYS */;
UNLOCK TABLES;

--
-- Table structure for table `permissions`
--

DROP TABLE IF EXISTS `permissions`;
/*!40101 SET @saved_cs_client     = @@character_set_client */;
/*!40101 SET character_set_client = utf8 */;
CREATE TABLE `permissions` (
  `id` bigint(20) unsigned NOT NULL AUTO_INCREMENT,
  `name` varchar(255) COLLATE utf8mb4_unicode_ci NOT NULL,
  `guard_name` varchar(255) COLLATE utf8mb4_unicode_ci NOT NULL,
  `created_at` timestamp NULL DEFAULT NULL,
  `updated_at` timestamp NULL DEFAULT NULL,
  PRIMARY KEY (`id`),
  UNIQUE KEY `permissions_name_guard_name_unique` (`name`,`guard_name`)
) ENGINE=InnoDB DEFAULT CHARSET=utf8mb4 COLLATE=utf8mb4_unicode_ci;
/*!40101 SET character_set_client = @saved_cs_client */;

--
-- Dumping data for table `permissions`
--

LOCK TABLES `permissions` WRITE;
/*!40000 ALTER TABLE `permissions` DISABLE KEYS */;
/*!40000 ALTER TABLE `permissions` ENABLE KEYS */;
UNLOCK TABLES;

--
-- Table structure for table `personal_access_tokens`
--

DROP TABLE IF EXISTS `personal_access_tokens`;
/*!40101 SET @saved_cs_client     = @@character_set_client */;
/*!40101 SET character_set_client = utf8 */;
CREATE TABLE `personal_access_tokens` (
  `id` bigint(20) unsigned NOT NULL AUTO_INCREMENT,
  `tokenable_type` varchar(255) COLLATE utf8mb4_unicode_ci NOT NULL,
  `tokenable_id` bigint(20) unsigned NOT NULL,
  `name` varchar(255) COLLATE utf8mb4_unicode_ci NOT NULL,
  `token` varchar(64) COLLATE utf8mb4_unicode_ci NOT NULL,
  `abilities` text COLLATE utf8mb4_unicode_ci,
  `last_used_at` timestamp NULL DEFAULT NULL,
  `expires_at` timestamp NULL DEFAULT NULL,
  `created_at` timestamp NULL DEFAULT NULL,
  `updated_at` timestamp NULL DEFAULT NULL,
  PRIMARY KEY (`id`),
  UNIQUE KEY `personal_access_tokens_token_unique` (`token`),
  KEY `personal_access_tokens_tokenable_type_tokenable_id_index` (`tokenable_type`,`tokenable_id`)
) ENGINE=InnoDB DEFAULT CHARSET=utf8mb4 COLLATE=utf8mb4_unicode_ci;
/*!40101 SET character_set_client = @saved_cs_client */;

--
-- Dumping data for table `personal_access_tokens`
--

LOCK TABLES `personal_access_tokens` WRITE;
/*!40000 ALTER TABLE `personal_access_tokens` DISABLE KEYS */;
/*!40000 ALTER TABLE `personal_access_tokens` ENABLE KEYS */;
UNLOCK TABLES;

--
-- Table structure for table `questions`
--

DROP TABLE IF EXISTS `questions`;
/*!40101 SET @saved_cs_client     = @@character_set_client */;
/*!40101 SET character_set_client = utf8 */;
CREATE TABLE `questions` (
  `id` bigint(20) unsigned NOT NULL AUTO_INCREMENT,
  `name` varchar(255) COLLATE utf8mb4_unicode_ci DEFAULT NULL,
  `audio` varchar(255) COLLATE utf8mb4_unicode_ci DEFAULT NULL,
  `timing` int(11) DEFAULT NULL,
  `order_no` int(11) DEFAULT NULL,
  `level_id` int(11) DEFAULT NULL,
  `status` tinyint(1) DEFAULT NULL,
  `created_at` timestamp NULL DEFAULT NULL,
  `updated_at` timestamp NULL DEFAULT NULL,
  PRIMARY KEY (`id`)
) ENGINE=InnoDB AUTO_INCREMENT=369 DEFAULT CHARSET=utf8mb4 COLLATE=utf8mb4_unicode_ci;
/*!40101 SET character_set_client = @saved_cs_client */;

--
-- Dumping data for table `questions`
--

LOCK TABLES `questions` WRITE;
/*!40000 ALTER TABLE `questions` DISABLE KEYS */;
INSERT INTO `questions` (`id`, `name`, `audio`, `timing`, `order_no`, `level_id`, `status`, `created_at`, `updated_at`) VALUES (4,' ','question-763478737221623580061.mp3',10,0,3,1,NULL,'2021-01-04 19:48:11'),(6,' ','question-763475909451619220354.mp3',10,0,3,1,NULL,'2021-01-05 10:32:37'),(7,' ','question-763474122441609850098.mp3',10,0,3,1,NULL,'2021-01-05 10:34:58'),(8,' ','question-763473749841609850202.mp3',10,0,3,1,NULL,'2021-01-05 10:36:42'),(12,' ','question-7634745264631609850842.mp3',10,0,3,1,NULL,'2021-01-05 10:47:22'),(18,' ','question-13172714480701609857047.mp3',10,0,7,1,NULL,'2021-01-05 12:30:47'),(19,' ','question-1317277184671609857168.mp3',10,0,7,1,NULL,'2021-01-05 12:32:48'),(20,' ','question-13172714298041609857290.mp3',10,0,7,1,NULL,'2021-01-05 12:34:50'),(21,' ','question-13172711095441609857390.mp3',10,0,7,1,NULL,'2021-01-05 12:36:30'),(22,' ','question-1317276057021609857508.mp3',10,0,7,1,NULL,'2021-01-05 12:38:28'),(23,' ','question-12232312135501609857599.mp3',10,0,8,1,NULL,'2021-01-05 12:39:59'),(24,' ','question-12232340720581609857674.mp3',10,0,8,1,NULL,'2021-01-05 12:41:14'),(25,' ','question-1223238941211609857753.mp3',10,0,8,1,NULL,'2021-01-05 12:42:33'),(26,' ','question-12232340896781609857910.mp3',10,0,8,1,NULL,'2021-01-05 12:45:10'),(27,' ','question-1223236364191609858006.mp3',10,0,8,1,NULL,'2021-01-05 12:46:46'),(28,' ','question-12232327658721609859908.mp3',10,0,9,1,NULL,'2021-01-05 13:18:28'),(29,' ','question-12232335634251609867851.mp3',10,0,9,1,NULL,'2021-01-05 15:30:51'),(30,' ','question-1223231699291609867950.mp3',10,0,9,1,NULL,'2021-01-05 15:32:30'),(31,' ','question-12232317848861609868083.mp3',10,0,9,1,NULL,'2021-01-05 15:34:43'),(32,' ','question-1223238318421609868156.mp3',10,0,9,1,NULL,'2021-01-05 15:35:56'),(38,' ','question-13172746454711609869062.mp3',10,0,11,1,NULL,'2021-01-05 15:51:02'),(39,' ','question-13172727043701609869126.mp3',10,0,11,1,NULL,'2021-01-05 15:52:06'),(40,' ','question-1317271289631609869198.mp3',10,0,11,1,NULL,'2021-01-05 15:53:18'),(41,' ','question-1317272069701609869261.mp3',10,0,11,1,NULL,'2021-01-05 15:54:21'),(42,' ','question-13172746032771609869332.mp3',10,0,11,1,NULL,'2021-01-05 15:55:32'),(43,' ','question-13172738968341609869408.mp3',10,0,12,1,NULL,'2021-01-05 15:56:48'),(44,' ','question-13172743071391609869502.mp3',10,0,12,1,NULL,'2021-01-05 15:58:22'),(45,' ','question-13172717267961609869578.mp3',10,0,12,1,NULL,'2021-01-05 15:59:38'),(46,' ','question-13172713389541609869650.mp3',10,0,12,1,NULL,'2021-01-05 16:00:50'),(47,' ','question-13172729127191609869715.mp3',10,0,12,1,NULL,'2021-01-05 16:01:55'),(48,' ','question-1494908647981609870066.mp3',10,12,13,1,NULL,'2021-01-05 16:07:46'),(49,' ','question-1223238406181609870133.mp3',10,10,13,1,NULL,'2021-01-05 16:08:53'),(50,' ','question-12232342776541609870193.mp3',10,8,13,1,NULL,'2021-01-05 16:09:53'),(51,' ','question-12232335045311609870285.mp3',10,7,13,1,NULL,'2021-01-05 16:11:25'),(52,' ','question-1223231681871609870357.mp3',10,6,13,1,NULL,'2021-01-05 16:12:37'),(58,' ','question-13172723719521609880613.mp3',10,0,15,1,NULL,'2021-01-05 19:03:33'),(59,' ','question-13172711537971609880682.mp3',10,0,15,1,NULL,'2021-01-05 19:04:42'),(60,' ','question-13172729460541609880750.mp3',10,0,15,1,NULL,'2021-01-05 19:05:50'),(62,' ','question-13172723619541609880945.mp3',10,0,15,1,NULL,'2021-01-05 19:09:05'),(64,' ','question-13172711810691609881130.mp3',10,0,15,1,NULL,'2021-01-05 19:12:10'),(65,' ','question-14949018581261609882072.mp3',10,0,2,1,NULL,'2021-01-05 19:27:52'),(66,' ','question-14949015346941609882141.mp3',10,0,2,1,NULL,'2021-01-05 19:29:01'),(67,' ','question-14949022840971609882199.mp3',10,0,2,1,NULL,'2021-01-05 19:29:59'),(68,' ','question-14949014576991609882263.mp3',10,0,2,1,NULL,'2021-01-05 19:31:03'),(69,' ','question-14949048201201609882319.mp3',10,0,2,1,NULL,'2021-01-05 19:31:59'),(70,' ','question-7634740742431609883676.mp3',10,0,3,1,NULL,'2021-01-05 19:54:36'),(71,' ','question-7634717090441609883861.mp3',10,0,3,1,NULL,'2021-01-05 19:57:41'),(72,' ','question-7634746958591609883932.mp3',10,0,3,1,NULL,'2021-01-05 19:58:52'),(73,' ','question-7634744055191609884003.mp3',10,0,3,1,NULL,'2021-01-05 20:00:03'),(74,' ','question-7634731913611609884093.mp3',10,0,3,1,NULL,'2021-01-05 20:01:33'),(80,' ','question-13172721230011609884541.mp3',10,0,7,1,NULL,'2021-01-05 20:09:01'),(81,' ','question-13172717046141609884619.mp3',10,0,7,1,NULL,'2021-01-05 20:10:19'),(82,' ','question-13172747851221609884682.mp3',10,0,7,1,NULL,'2021-01-05 20:11:22'),(83,' ','question-13172719178891609884753.mp3',10,0,7,1,NULL,'2021-01-05 20:12:33'),(84,' ','question-13172731547801609884832.mp3',10,0,7,1,NULL,'2021-01-05 20:13:52'),(85,' ','question-12232311272131609884913.mp3',10,0,8,1,NULL,'2021-01-05 20:15:13'),(86,' ','question-12232317612791609884980.mp3',10,0,8,1,NULL,'2021-01-05 20:16:20'),(87,' ','question-12232342259891609885038.mp3',10,0,8,1,NULL,'2021-01-05 20:17:18'),(88,' ','question-12232332674621609885126.mp3',10,0,8,1,NULL,'2021-01-05 20:18:46'),(89,' ','question-12232334236771609885221.mp3',10,0,8,1,NULL,'2021-01-05 20:20:21'),(90,' ','question-12232346806191609885307.mp3',10,0,9,1,NULL,'2021-01-05 20:21:47'),(91,' ','question-1223236348401609885386.mp3',10,0,9,1,NULL,'2021-01-05 20:23:06'),(92,' ','question-12232339411311609885440.mp3',10,0,9,1,NULL,'2021-01-05 20:24:00'),(93,' ','question-12232331477931609885560.mp3',10,0,9,1,NULL,'2021-01-05 20:26:00'),(94,' ','question-12232345442571609885667.mp3',10,0,9,1,NULL,'2021-01-05 20:27:47'),(100,' ','question-13172737711671609886069.mp3',10,0,11,1,NULL,'2021-01-05 20:34:29'),(101,' ','question-1317276359771609886130.mp3',10,0,11,1,NULL,'2021-01-05 20:35:30'),(102,' ','question-13172718461721609886187.mp3',10,0,11,1,NULL,'2021-01-05 20:36:27'),(103,' ','question-13172746307641609886246.mp3',10,0,11,1,NULL,'2021-01-05 20:37:26'),(104,' ','question-13172718426891609886308.mp3',10,0,11,1,NULL,'2021-01-05 20:38:28'),(105,' ','question-1317274023491609886376.mp3',10,0,12,1,NULL,'2021-01-05 20:39:36'),(106,' ','question-13172723445421609886454.mp3',10,0,12,1,NULL,'2021-01-05 20:40:54'),(107,' ','question-13172720986451609886512.mp3',10,0,12,1,NULL,'2021-01-05 20:41:52'),(108,' ','question-1317275499581609886578.mp3',10,0,12,1,NULL,'2021-01-05 20:42:58'),(109,' ','question-13172719010741609886632.mp3',10,0,12,1,NULL,'2021-01-05 20:43:52'),(110,' ','question-1223232760081619221072.mp3',10,5,13,1,NULL,'2021-01-05 20:44:56'),(111,' ','question-12232310523491619221995.mp3',10,4,13,1,NULL,'2021-01-05 20:45:53'),(112,' ','question-12232344735781609886818.mp3',10,3,13,1,NULL,'2021-01-05 20:46:58'),(113,' ','question-12232339335551609886886.mp3',10,0,13,1,NULL,'2021-01-05 20:48:06'),(120,' ','question-13172738767641609887401.mp3',10,0,15,1,NULL,'2021-01-05 20:56:41'),(121,' ','question-1317278513091609887467.mp3',10,0,15,1,NULL,'2021-01-05 20:57:47'),(122,' ','question-13172718266401609887531.mp3',10,0,15,1,NULL,'2021-01-05 20:58:51'),(123,' ','question-13172725866981609887588.mp3',10,0,15,1,NULL,'2021-01-05 20:59:48'),(124,' ','question-13172745091141609887650.mp3',10,0,15,1,NULL,'2021-01-05 21:00:50'),(125,' ','question-14949041739751609890099.mp3',10,0,2,1,NULL,'2021-01-05 21:41:39'),(126,' ','question-14949024791401609890173.mp3',10,0,2,1,NULL,'2021-01-05 21:42:53'),(127,' ','question-14949038842121609890240.mp3',10,0,2,1,NULL,'2021-01-05 21:44:00'),(128,' ','question-14949012911771609890313.mp3',10,0,2,1,NULL,'2021-01-05 21:45:13'),(129,' ','question-14949041830101609890382.mp3',10,0,2,1,NULL,'2021-01-05 21:46:22'),(130,'  ','question-10247045489451609891668.mp3',10,0,17,1,NULL,'2021-01-05 22:07:48'),(131,'  ','question-10247048518631609891740.mp3',10,0,17,1,NULL,'2021-01-05 22:09:00'),(132,'  ','question-10247027137231609891817.mp3',10,0,17,1,NULL,'2021-01-05 22:10:17'),(134,'  ','question-10247017875951609892230.mp3',10,0,17,1,NULL,'2021-01-05 22:17:10'),(135,'  ','question-10247048217991609892294.mp3',10,0,17,1,NULL,'2021-01-05 22:18:14'),(136,'  ','question-10247048467181609892356.mp3',10,0,17,1,NULL,'2021-01-05 22:19:16'),(137,'  ','question-10247046854471609892419.mp3',10,0,17,1,NULL,'2021-01-05 22:20:19'),(138,'  ','question-10247045170141609892473.mp3',10,0,17,1,NULL,'2021-01-05 22:21:13'),(139,'  ','question-10247039368251609892540.mp3',10,0,17,1,NULL,'2021-01-05 22:22:20'),(140,'  ','question-14949027155711609892652.mp3',10,0,18,1,NULL,'2021-01-05 22:24:12'),(141,'  ','question-1494909880931609892717.mp3',10,0,18,1,NULL,'2021-01-05 22:25:17'),(142,'  ','question-1494901792071609892778.mp3',10,0,18,1,NULL,'2021-01-05 22:26:18'),(143,'  ','question-14949015036871609892841.mp3',10,0,18,1,NULL,'2021-01-05 22:27:21'),(144,'  ','question-1494906513841609892913.mp3',10,0,18,1,NULL,'2021-01-05 22:28:33'),(145,'  ','question-14949049385251609892993.mp3',10,0,18,1,NULL,'2021-01-05 22:29:53'),(146,'  ','question-14949016481301609893082.mp3',10,0,18,1,NULL,'2021-01-05 22:31:22'),(147,'  ','question-1494907861891609893156.mp3',10,0,18,1,NULL,'2021-01-05 22:32:36'),(148,'  ','question-1494906936831609893225.mp3',10,0,18,1,NULL,'2021-01-05 22:33:45'),(149,'  ','question-14949024019651609893293.mp3',10,0,18,1,NULL,'2021-01-05 22:34:53'),(150,'  ','question-14949024058401609893539.mp3',10,0,19,1,NULL,'2021-01-05 22:38:59'),(151,'  ','question-14949033782201609893601.mp3',10,0,19,1,NULL,'2021-01-05 22:40:01'),(152,'  ','question-14949038479441609893654.mp3',10,0,19,1,NULL,'2021-01-05 22:40:54'),(153,'  ','question-14949039079091609893726.mp3',10,0,19,1,NULL,'2021-01-05 22:42:06'),(154,'  ','question-14949017631221609893789.mp3',10,0,19,1,NULL,'2021-01-05 22:43:09'),(155,'  ','question-14949024292021609893853.mp3',10,0,19,1,NULL,'2021-01-05 22:44:13'),(156,'  ','question-1494909527581609893917.mp3',10,0,19,1,NULL,'2021-01-05 22:45:17'),(157,'  ','question-1494906626551609893989.mp3',10,0,19,1,NULL,'2021-01-05 22:46:29'),(158,'  ','question-1494907506521609894054.mp3',10,0,19,1,NULL,'2021-01-05 22:47:34'),(159,'  ','question-14949039799001609894117.mp3',10,0,19,1,NULL,'2021-01-05 22:48:37'),(160,'  ','question-14949034826651609894180.mp3',10,0,19,1,NULL,'2021-01-05 22:49:40'),(161,'  ','question-14949028216371609894241.mp3',10,0,19,1,NULL,'2021-01-05 22:50:41'),(162,'  ','question-14949018368621609894317.mp3',10,0,19,1,NULL,'2021-01-05 22:51:57'),(163,'  ','question-14949029200361609894388.mp3',10,0,19,1,NULL,'2021-01-05 22:53:08'),(164,'  ','question-14949010842741609894458.mp3',10,0,19,1,NULL,'2021-01-05 22:54:18'),(165,'  ','question-14949037232461609894523.mp3',10,0,19,1,NULL,'2021-01-05 22:55:23'),(166,'  ','question-14949022918251609894602.mp3',10,0,19,1,NULL,'2021-01-05 22:56:42'),(167,'  ','question-14949022704771609894698.mp3',10,0,19,1,NULL,'2021-01-05 22:58:18'),(168,'  ','question-14949031397511609894773.mp3',10,0,19,1,NULL,'2021-01-05 22:59:33'),(169,'  ','question-1494903885221609894835.mp3',10,0,19,1,NULL,'2021-01-05 23:00:35'),(170,'  ','question-14949049501761609894895.mp3',10,0,26,1,NULL,'2021-01-05 23:01:35'),(171,'  ','question-14949030742081609894987.mp3',10,0,26,1,NULL,'2021-01-05 23:03:07'),(172,'  ','question-14949020944391609895076.mp3',10,0,26,1,NULL,'2021-01-05 23:04:36'),(173,'  ','question-14949045346381609895143.mp3',10,0,26,1,NULL,'2021-01-05 23:05:43'),(174,'  ','question-14949035261711609895222.mp3',10,0,26,1,NULL,'2021-01-05 23:07:02'),(175,'  ','question-14949021204741609895289.mp3',10,0,26,1,NULL,'2021-01-05 23:08:09'),(176,'  ','question-14949018853141609895351.mp3',10,0,26,1,NULL,'2021-01-05 23:09:11'),(177,'  ','question-14949025711971609895438.mp3',10,0,26,1,NULL,'2021-01-05 23:10:38'),(178,'  ','question-14949022048331609895518.mp3',10,0,26,1,NULL,'2021-01-05 23:11:58'),(179,'  ','question-14949032867891609895731.mp3',10,0,26,1,NULL,'2021-01-05 23:15:31'),(180,'  ','question-14949024071921609895819.mp3',10,0,26,1,NULL,'2021-01-05 23:16:59'),(181,'  ','question-1494903178441609895954.mp3',10,0,26,1,NULL,'2021-01-05 23:19:14'),(182,'  ','question-14949048838291609896032.mp3',10,0,26,1,NULL,'2021-01-05 23:20:32'),(183,'  ','question-14949031883431609896105.mp3',10,0,26,1,NULL,'2021-01-05 23:21:45'),(184,'  ','question-14949021263811609896184.mp3',10,0,26,1,NULL,'2021-01-05 23:23:04'),(185,'  ','question-1494904857311609896255.mp3',10,0,26,1,NULL,'2021-01-05 23:24:15'),(186,'  ','question-14949049606261609896314.mp3',10,0,26,1,NULL,'2021-01-05 23:25:14'),(187,'  ','question-14949039470341609896387.mp3',10,0,26,1,NULL,'2021-01-05 23:26:27'),(188,'  ','question-14949033607491609896475.mp3',10,0,26,1,NULL,'2021-01-05 23:27:55'),(189,'  ','question-14949026357751609896635.mp3',10,0,26,1,NULL,'2021-01-05 23:30:35'),(190,'  ','question-14949043122651609919013.mp3',10,0,27,1,NULL,'2021-01-06 05:43:33'),(191,'  ','question-14949013076721609919068.mp3',10,0,27,1,NULL,'2021-01-06 05:44:28'),(192,'  ','question-1494902665021609919137.mp3',10,0,27,1,NULL,'2021-01-06 05:45:37'),(193,'  ','question-14949046007381609919198.mp3',10,0,27,1,NULL,'2021-01-06 05:46:38'),(194,'  ','question-14949030752851609919260.mp3',10,0,27,1,NULL,'2021-01-06 05:47:40'),(195,'  ','question-14949020599281609919319.mp3',10,0,27,1,NULL,'2021-01-06 05:48:39'),(196,'  ','question-14949047490071609919376.mp3',10,0,27,1,NULL,'2021-01-06 05:49:36'),(197,'  ','question-14949030694231609919435.mp3',10,0,27,1,NULL,'2021-01-06 05:50:35'),(198,'  ','question-149490587231609919550.mp3',10,0,27,1,NULL,'2021-01-06 05:52:30'),(199,'  ','question-1494908139841609919609.mp3',10,0,27,1,NULL,'2021-01-06 05:53:29'),(200,'  ','question-1494906622201609919665.mp3',10,0,27,1,NULL,'2021-01-06 05:54:25'),(201,'  ','question-14949042769131609919725.mp3',10,0,27,1,NULL,'2021-01-06 05:55:25'),(202,'  ','question-14949038489861609919786.mp3',10,0,27,1,NULL,'2021-01-06 05:56:26'),(203,'  ','question-14949027834291609919851.mp3',10,0,27,1,NULL,'2021-01-06 05:57:31'),(204,'  ','question-1494908209951609919915.mp3',10,0,27,1,NULL,'2021-01-06 05:58:35'),(205,'  ','question-14949039013331609919977.mp3',10,0,27,1,NULL,'2021-01-06 05:59:37'),(206,'  ','question-14949024667481609920046.mp3',10,0,27,1,NULL,'2021-01-06 06:00:46'),(207,'  ','question-1494909155001609920117.mp3',10,0,27,1,NULL,'2021-01-06 06:01:57'),(208,'  ','question-1494902747701609920177.mp3',10,0,27,1,NULL,'2021-01-06 06:02:57'),(209,'  ','question-14949042512301609920307.mp3',10,0,27,1,NULL,'2021-01-06 06:05:07'),(210,'  ','question-14949034514921609920368.mp3',10,0,28,1,NULL,'2021-01-06 06:06:08'),(211,'  ','question-14949048468251609920430.mp3',10,0,28,1,NULL,'2021-01-06 06:07:10'),(212,'  ','question-14949046387621609920490.mp3',10,0,28,1,NULL,'2021-01-06 06:08:10'),(213,'  ','question-14949025035351609920556.mp3',10,0,28,1,NULL,'2021-01-06 06:09:16'),(214,'  ','question-14949037729341609920623.mp3',10,0,28,1,NULL,'2021-01-06 06:10:23'),(215,'  ','question-14949028124611609920694.mp3',10,0,28,1,NULL,'2021-01-06 06:11:34'),(216,'  ','question-14949039721601609920764.mp3',10,0,28,1,NULL,'2021-01-06 06:12:44'),(217,'  ','question-14949021788641609920824.mp3',10,0,28,1,NULL,'2021-01-06 06:13:44'),(218,'  ','question-14949025736861609920912.mp3',10,0,28,1,NULL,'2021-01-06 06:15:12'),(219,'  ','question-14949014409811609920971.mp3',10,0,28,1,NULL,'2021-01-06 06:16:11'),(220,'  ','question-14949032697161609921029.mp3',10,0,28,1,NULL,'2021-01-06 06:17:09'),(221,'  ','question-14949039759611609921104.mp3',10,0,28,1,NULL,'2021-01-06 06:18:24'),(222,'  ','question-14949034112871609921170.mp3',10,0,28,1,NULL,'2021-01-06 06:19:30'),(223,'  ','question-1494903983441609921226.mp3',10,0,28,1,NULL,'2021-01-06 06:20:26'),(224,'  ','question-14949030677191609921291.mp3',10,0,28,1,NULL,'2021-01-06 06:21:31'),(225,'  ','question-14949010664841609921356.mp3',10,0,28,1,NULL,'2021-01-06 06:22:36'),(226,'  ','question-14949032791461609921450.mp3',10,0,28,1,NULL,'2021-01-06 06:24:10'),(227,'  ','question-14949015750661609921506.mp3',10,0,28,1,NULL,'2021-01-06 06:25:06'),(228,'  ','question-14949048183681609921592.mp3',10,0,28,1,NULL,'2021-01-06 06:26:32'),(229,'  ','question-1494905588161609921650.mp3',10,0,28,1,NULL,'2021-01-06 06:27:30'),(230,'  ','question-11291912257961609927177.mp3',10,0,20,1,NULL,'2021-01-06 07:59:37'),(231,'  ','question-11291925170081609927317.mp3',10,0,20,1,NULL,'2021-01-06 08:01:57'),(232,'  ','question-11291926049371609927457.mp3',10,0,20,1,NULL,'2021-01-06 08:04:17'),(233,'  ','question-1129195711031609927543.mp3',10,0,20,1,NULL,'2021-01-06 08:05:43'),(234,'  ','question-11291923221521609927617.mp3',10,0,20,1,NULL,'2021-01-06 08:06:57'),(235,'  ','question-11291937824691609927699.mp3',10,0,20,1,NULL,'2021-01-06 08:08:19'),(236,'  ','question-11291910662611609927762.mp3',10,0,20,1,NULL,'2021-01-06 08:09:22'),(237,'  ','question-11291925632491609927997.mp3',10,0,20,1,NULL,'2021-01-06 08:13:17'),(238,'  ','question-11291927918601609928145.mp3',10,0,20,1,NULL,'2021-01-06 08:15:45'),(239,'  ','question-11291946401331609928212.mp3',10,0,20,1,NULL,'2021-01-06 08:16:52'),(240,'  ','question-14949024769861609933035.mp3',10,0,21,1,NULL,'2021-01-06 09:37:15'),(241,'  ','question-14949031987811609933105.mp3',10,0,21,1,NULL,'2021-01-06 09:38:25'),(242,'  ','question-14949043021971609933189.mp3',10,0,21,1,NULL,'2021-01-06 09:39:49'),(243,'  ','question-14949015262061609933292.mp3',10,0,21,1,NULL,'2021-01-06 09:41:32'),(244,'  ','question-14949011392001609933365.mp3',10,0,21,1,NULL,'2021-01-06 09:42:45'),(245,'  ','question-14949033768771609933442.mp3',10,0,21,1,NULL,'2021-01-06 09:44:02'),(246,'  ','question-14949014513441609933516.mp3',10,0,21,1,NULL,'2021-01-06 09:45:16'),(247,'  ','question-14949011545021609933588.mp3',10,0,21,1,NULL,'2021-01-06 09:46:28'),(248,'  ','question-1494906507291609933660.mp3',10,0,21,1,NULL,'2021-01-06 09:47:40'),(249,'  ','question-14949011796791609933720.mp3',10,0,21,1,NULL,'2021-01-06 09:48:40'),(250,'  ','question-14949026764771609933788.mp3',10,0,22,1,NULL,'2021-01-06 09:49:48'),(251,'  ','question-14949013685541609933874.mp3',10,0,22,1,NULL,'2021-01-06 09:51:14'),(252,'  ','question-14949025344031609933948.mp3',10,0,22,1,NULL,'2021-01-06 09:52:28'),(253,'  ','question-14949029604121609934016.mp3',10,0,22,1,NULL,'2021-01-06 09:53:36'),(254,'  ','question-14949015038701609934100.mp3',10,0,22,1,NULL,'2021-01-06 09:55:00'),(255,'  ','question-1494907891541609934167.mp3',10,0,22,1,NULL,'2021-01-06 09:56:07'),(256,'  ','question-14949013784271609934231.mp3',10,0,22,1,NULL,'2021-01-06 09:57:11'),(257,'  ','question-14949030736121609934295.mp3',10,0,22,1,NULL,'2021-01-06 09:58:15'),(258,'  ','question-14949016227661609934371.mp3',10,0,22,1,NULL,'2021-01-06 09:59:31'),(259,'  ','question-14949036298821609934433.mp3',10,0,22,1,NULL,'2021-01-06 10:00:33'),(260,'  ','question-14949044291941609934515.mp3',10,0,22,1,NULL,'2021-01-06 10:01:55'),(261,'  ','question-1494904067681609934593.mp3',10,0,22,1,NULL,'2021-01-06 10:03:13'),(262,'  ','question-14949038889861609934656.mp3',10,0,22,1,NULL,'2021-01-06 10:04:16'),(263,'  ','question-14949045599141619222749.mp3',10,0,22,1,NULL,'2021-01-06 10:05:20'),(264,'  ','question-14949018009441619222804.mp3',10,0,22,1,NULL,'2021-01-06 10:06:27'),(265,'  ','question-1494901846291609934867.mp3',10,0,22,1,NULL,'2021-01-06 10:07:47'),(266,'  ','question-149490388881609934932.mp3',10,0,22,1,NULL,'2021-01-06 10:08:52'),(267,'  ','question-14949011202771609934994.mp3',10,0,22,1,NULL,'2021-01-06 10:09:54'),(268,'  ','question-14949046417471609935053.mp3',10,0,22,1,NULL,'2021-01-06 10:10:53'),(269,'  ','question-14949035814611609935117.mp3',10,0,22,1,NULL,'2021-01-06 10:11:57'),(270,'  ','question-14949017311491609935175.mp3',10,0,29,1,NULL,'2021-01-06 10:12:55'),(271,'  ','question-14949048021581619222926.mp3',10,0,29,1,NULL,'2021-01-06 10:14:08'),(272,'  ','question-1494909503541609935318.mp3',10,0,29,1,NULL,'2021-01-06 10:15:18'),(273,'  ','question-14949044663051609935400.mp3',10,0,29,1,NULL,'2021-01-06 10:16:40'),(274,'  ','question-14949033203131609935464.mp3',10,0,29,1,NULL,'2021-01-06 10:17:44'),(275,'  ','question-14949034751871609935530.mp3',10,0,29,1,NULL,'2021-01-06 10:18:50'),(276,'  ','question-14949027733271619223148.mp3',10,0,29,1,NULL,'2021-01-06 10:20:05'),(277,'  ','question-14949011069471609935668.mp3',10,0,29,1,NULL,'2021-01-06 10:21:08'),(278,'  ','question-14949039802961609935735.mp3',10,0,29,1,NULL,'2021-01-06 10:22:15'),(279,'  ','question-1494903186021609935793.mp3',10,0,29,1,NULL,'2021-01-06 10:23:13'),(280,'  ','question-14949023717401609935864.mp3',10,0,29,1,NULL,'2021-01-06 10:24:24'),(281,'  ','question-14949041215931609935970.mp3',10,0,29,1,NULL,'2021-01-06 10:26:10'),(282,'  ','question-14949039603481609936041.mp3',10,0,29,1,NULL,'2021-01-06 10:27:21'),(283,'  ','question-14949037987881609936103.mp3',10,0,29,1,NULL,'2021-01-06 10:28:23'),(284,'  ','question-14949026879681609936164.mp3',10,0,29,1,NULL,'2021-01-06 10:29:24'),(285,'  ','question-14949035654551609936232.mp3',10,0,29,1,NULL,'2021-01-06 10:30:32'),(286,'  ','question-14949036406181609936307.mp3',10,0,29,1,NULL,'2021-01-06 10:31:47'),(287,'  ','question-149490379861609936378.mp3',10,0,29,1,NULL,'2021-01-06 10:32:58'),(288,'  ','question-149490369781609936446.mp3',10,0,29,1,NULL,'2021-01-06 10:34:06'),(289,'  ','question-14949040435461609936518.mp3',10,0,29,1,NULL,'2021-01-06 10:35:18'),(290,'  ','question-14949021670131609936578.mp3',10,0,30,1,NULL,'2021-01-06 10:36:18'),(291,'  ','question-1494908502331609936634.mp3',10,0,30,1,NULL,'2021-01-06 10:37:14'),(292,'  ','question-14949010975481609936694.mp3',10,0,30,1,NULL,'2021-01-06 10:38:14'),(293,'  ','question-1494904552491609936754.mp3',10,0,30,1,NULL,'2021-01-06 10:39:14'),(294,'  ','question-1494906747231609936811.mp3',10,0,30,1,NULL,'2021-01-06 10:40:11'),(295,'  ','question-14949046604281609936870.mp3',10,0,30,1,NULL,'2021-01-06 10:41:10'),(296,'  ','question-14949028984001609936930.mp3',10,0,30,1,NULL,'2021-01-06 10:42:10'),(297,'  ','question-1494908190571609937000.mp3',10,0,30,1,NULL,'2021-01-06 10:43:20'),(298,'  ','question-14949041086471609937123.mp3',10,0,30,1,NULL,'2021-01-06 10:45:23'),(299,'  ','question-14949040007581609937180.mp3',10,0,30,1,NULL,'2021-01-06 10:46:20'),(300,'  ','question-14949049481891609937244.mp3',10,0,30,1,NULL,'2021-01-06 10:47:24'),(301,'  ','question-14949022884841609937304.mp3',10,0,30,1,NULL,'2021-01-06 10:48:24'),(302,'  ','question-14949044261941609937369.mp3',10,0,30,1,NULL,'2021-01-06 10:49:29'),(303,'  ','question-14949044915991609937430.mp3',10,0,30,1,NULL,'2021-01-06 10:50:30'),(304,'  ','question-14949013588191609937494.mp3',10,0,30,1,NULL,'2021-01-06 10:51:34'),(305,'  ','question-14949013319161609937551.mp3',10,0,30,1,NULL,'2021-01-06 10:52:31'),(306,'  ','question-14949038658251609937614.mp3',10,0,30,1,NULL,'2021-01-06 10:53:34'),(307,'  ','question-14949048459751609937673.mp3',10,0,30,1,NULL,'2021-01-06 10:54:33'),(308,'  ','question-14949018476961609937737.mp3',10,0,30,1,NULL,'2021-01-06 10:55:37'),(309,'  ','question-14949012669511609937813.mp3',10,0,30,1,NULL,'2021-01-06 10:56:53'),(310,'  ','question-14949015076741609938452.mp3',10,0,31,1,NULL,'2021-01-06 11:07:32'),(311,'  ','question-1494905866311609938561.mp3',10,0,31,1,NULL,'2021-01-06 11:09:21'),(312,'  ','question-14949012174791609938643.mp3',10,0,31,1,NULL,'2021-01-06 11:10:43'),(313,'  ','question-1494906950631609938828.mp3',10,0,31,1,NULL,'2021-01-06 11:13:48'),(314,'  ','question-14949037400161609938940.mp3',10,0,31,1,NULL,'2021-01-06 11:15:40'),(315,'  ','question-14949046345191609939030.mp3',10,0,31,1,NULL,'2021-01-06 11:17:10'),(316,'  ','question-14949024733301609939102.mp3',10,0,31,1,NULL,'2021-01-06 11:18:22'),(317,'  ','question-149490134021609939163.mp3',10,0,31,1,NULL,'2021-01-06 11:19:23'),(318,'  ','question-14949021078161609939228.mp3',10,0,31,1,NULL,'2021-01-06 11:20:28'),(319,'  ','question-14949049407621609939302.mp3',10,0,31,1,NULL,'2021-01-06 11:21:42'),(320,'  ','question-14949018094481609939455.mp3',10,0,31,1,NULL,'2021-01-06 11:24:15'),(321,'  ','question-14949035700621609939519.mp3',10,0,31,1,NULL,'2021-01-06 11:25:19'),(322,'  ','question-14949013080651609939587.mp3',10,0,31,1,NULL,'2021-01-06 11:26:27'),(323,'  ','question-14949017968571609939647.mp3',10,0,31,1,NULL,'2021-01-06 11:27:27'),(324,'  ','question-14949045967751609939714.mp3',10,0,31,1,NULL,'2021-01-06 11:28:34'),(325,'  ','question-14949038355631609939773.mp3',10,0,31,1,NULL,'2021-01-06 11:29:33'),(326,'  ','question-14949043328401609939843.mp3',10,0,31,1,NULL,'2021-01-06 11:30:43'),(327,'  ','question-14949028675281609939906.mp3',10,0,31,1,NULL,'2021-01-06 11:31:46'),(328,'  ','question-14949036180981609939964.mp3',10,0,31,1,NULL,'2021-01-06 11:32:44'),(329,'  ','question-14949011721731609940083.mp3',10,0,31,1,NULL,'2021-01-06 11:34:43'),(332,' ','question-5753946600961610209812.mp3',10,0,6,1,NULL,'2021-01-09 14:30:12'),(333,' ','question-575396913601610209943.mp3',10,0,6,1,NULL,'2021-01-09 14:32:23'),(334,' ','question-5753931985591610210072.mp3',10,0,6,1,NULL,'2021-01-09 14:34:32'),(335,' ','question-5753941873841610210162.mp3',10,0,6,1,NULL,'2021-01-09 14:36:02'),(336,' ','question-575396353021610210255.mp3',10,0,6,1,NULL,'2021-01-09 14:37:35'),(338,' ','question-13172727270531610293354.mp3',10,0,10,1,NULL,'2021-01-10 13:42:34'),(339,' ','question-1317274681701610293473.mp3',10,0,10,1,NULL,'2021-01-10 13:44:33'),(340,' ','question-13172718280701610293584.mp3',10,0,10,1,NULL,'2021-01-10 13:46:24'),(341,' ','question-13172715453921610293657.mp3',10,0,10,1,NULL,'2021-01-10 13:47:37'),(342,' ','question-13172742318901610293745.mp3',10,0,10,1,NULL,'2021-01-10 13:49:05'),(343,' ','question-13172739137001610294115.mp3',10,0,14,1,NULL,'2021-01-10 13:55:15'),(344,' ','question-13172734917281610294207.mp3',10,0,14,1,NULL,'2021-01-10 13:56:47'),(345,' ','question-13172726919721610294288.mp3',10,0,14,1,NULL,'2021-01-10 13:58:08'),(346,' ','question-13172745565631610294366.mp3',10,0,14,1,NULL,'2021-01-10 13:59:26'),(347,' ','question-13172717234691610294454.mp3',10,0,14,1,NULL,'2021-01-10 14:00:54'),(349,' ','question-5753916775241610294951.mp3',10,0,6,1,NULL,'2021-01-10 14:09:11'),(350,' ','question-5753924304191610295035.mp3',10,0,6,1,NULL,'2021-01-10 14:10:35'),(351,' ','question-575397143441610295145.mp3',10,0,6,1,NULL,'2021-01-10 14:12:25'),(352,' ','question-5753938143051610295243.mp3',10,0,6,1,NULL,'2021-01-10 14:14:03'),(353,' ','question-575398047281610295323.mp3',10,0,6,1,NULL,'2021-01-10 14:15:23'),(354,' ','question-13172731403041610295618.mp3',10,0,10,1,NULL,'2021-01-10 14:20:18'),(355,' ','question-13172714470911610295712.mp3',10,0,10,1,NULL,'2021-01-10 14:21:52'),(356,' ','question-13172731949961610295798.mp3',10,0,10,1,NULL,'2021-01-10 14:23:18'),(357,' ','question-13172735739271610295880.mp3',10,0,10,1,NULL,'2021-01-10 14:24:40'),(358,' ','question-13172735602561610295953.mp3',10,0,10,1,NULL,'2021-01-10 14:25:53'),(359,' ','question-1223236518371610296427.mp3',10,0,13,1,NULL,'2021-01-10 14:33:47'),(360,' ','question-13172722462351610296537.mp3',10,0,14,1,NULL,'2021-01-10 14:35:37'),(361,' ','question-13172738893891610296612.mp3',10,0,14,1,NULL,'2021-01-10 14:36:52'),(362,' ','question-13172717199031610296724.mp3',10,0,14,1,NULL,'2021-01-10 14:38:44'),(363,' ','question-13172748809261610296824.mp3',10,0,14,1,NULL,'2021-01-10 14:40:24'),(364,' ','question-1317276396161610296897.mp3',10,0,14,1,NULL,'2021-01-10 14:41:37'),(365,'  ','question-1024702572821610297262.mp3',10,0,17,1,NULL,'2021-01-10 14:47:42'),(366,'Calibration tune','question-51697337937251623053493.mp3',5,0,1,1,NULL,'2021-06-07 06:11:33'),(367,'Calibration tune','question-51697348511861623054411.mp3',5,0,23,1,NULL,'2021-06-07 06:26:51'),(368,'Calibration tune','question-51697345307801623054847.mp3',5,0,24,1,NULL,'2021-06-07 06:34:07');
/*!40000 ALTER TABLE `questions` ENABLE KEYS */;
UNLOCK TABLES;

--
-- Table structure for table `results`
--

DROP TABLE IF EXISTS `results`;
/*!40101 SET @saved_cs_client     = @@character_set_client */;
/*!40101 SET character_set_client = utf8 */;
CREATE TABLE `results` (
  `id` bigint(20) unsigned NOT NULL AUTO_INCREMENT,
  `test_id` int(11) DEFAULT NULL,
  `doctor_id` int(11) DEFAULT NULL,
  `patient_id` int(11) DEFAULT NULL,
  `question_id` int(11) DEFAULT NULL,
  `answer_id` int(11) DEFAULT NULL,
  `answer_status` int(11) DEFAULT NULL,
  `answer_date` date DEFAULT NULL,
  `level` varchar(255) COLLATE utf8mb4_unicode_ci DEFAULT NULL,
  `created_at` timestamp NULL DEFAULT NULL,
  `updated_at` timestamp NULL DEFAULT NULL,
  PRIMARY KEY (`id`)
) ENGINE=InnoDB AUTO_INCREMENT=351 DEFAULT CHARSET=utf8mb4 COLLATE=utf8mb4_unicode_ci;
/*!40101 SET character_set_client = @saved_cs_client */;

--
-- Dumping data for table `results`
--

LOCK TABLES `results` WRITE;
/*!40000 ALTER TABLE `results` DISABLE KEYS */;
INSERT INTO `results` (`id`, `test_id`, `doctor_id`, `patient_id`, `question_id`, `answer_id`, `answer_status`, `answer_date`, `level`, `created_at`, `updated_at`) VALUES (1,1,NULL,NULL,127,674,1,'2021-04-17',NULL,NULL,'2021-04-17 13:06:43'),(2,1,NULL,NULL,128,676,0,'2021-04-17',NULL,NULL,'2021-04-17 13:06:43'),(3,1,NULL,NULL,65,365,1,'2021-04-17',NULL,NULL,'2021-04-17 13:06:43'),(4,1,NULL,NULL,125,665,1,'2021-04-17',NULL,NULL,'2021-04-17 13:06:43'),(5,1,NULL,NULL,126,666,0,'2021-04-17',NULL,NULL,'2021-04-17 13:06:43'),(6,1,NULL,NULL,129,681,1,'2021-04-17',NULL,NULL,'2021-04-17 13:06:43'),(7,1,NULL,NULL,66,369,1,'2021-04-17',NULL,NULL,'2021-04-17 13:06:44'),(8,1,NULL,NULL,69,382,0,'2021-04-17',NULL,NULL,'2021-04-17 13:06:44'),(9,1,NULL,NULL,67,371,1,'2021-04-17',NULL,NULL,'2021-04-17 13:06:44'),(10,1,NULL,NULL,68,379,0,'2021-04-17',NULL,NULL,'2021-04-17 13:06:44'),(11,2,NULL,NULL,65,365,1,'2021-04-18',NULL,NULL,'2021-04-18 00:20:59'),(12,2,NULL,NULL,66,367,0,'2021-04-18',NULL,NULL,'2021-04-18 00:20:59'),(13,2,NULL,NULL,67,373,0,'2021-04-18',NULL,NULL,'2021-04-18 00:20:59'),(14,2,NULL,NULL,68,377,1,'2021-04-18',NULL,NULL,'2021-04-18 00:20:59'),(15,2,NULL,NULL,69,383,1,'2021-04-18',NULL,NULL,'2021-04-18 00:21:00'),(16,2,NULL,NULL,125,665,1,'2021-04-18',NULL,NULL,'2021-04-18 00:21:00'),(17,2,NULL,NULL,126,666,0,'2021-04-18',NULL,NULL,'2021-04-18 00:21:00'),(18,2,NULL,NULL,127,674,1,'2021-04-18',NULL,NULL,'2021-04-18 00:21:00'),(19,2,NULL,NULL,128,678,1,'2021-04-18',NULL,NULL,'2021-04-18 00:21:00'),(20,2,NULL,NULL,129,681,1,'2021-04-18',NULL,NULL,'2021-04-18 00:21:00'),(21,3,NULL,NULL,65,361,0,'2021-04-20',NULL,NULL,'2021-04-20 17:43:05'),(22,3,NULL,NULL,66,369,1,'2021-04-20',NULL,NULL,'2021-04-20 17:43:05'),(23,3,NULL,NULL,67,371,1,'2021-04-20',NULL,NULL,'2021-04-20 17:43:05'),(24,3,NULL,NULL,68,377,1,'2021-04-20',NULL,NULL,'2021-04-20 17:43:06'),(25,3,NULL,NULL,69,383,1,'2021-04-20',NULL,NULL,'2021-04-20 17:43:06'),(26,3,NULL,NULL,125,661,0,'2021-04-20',NULL,NULL,'2021-04-20 17:43:06'),(27,3,NULL,NULL,126,667,1,'2021-04-20',NULL,NULL,'2021-04-20 17:43:06'),(28,3,NULL,NULL,127,675,0,'2021-04-20',NULL,NULL,'2021-04-20 17:43:06'),(29,3,NULL,NULL,128,678,1,'2021-04-20',NULL,NULL,'2021-04-20 17:43:06'),(30,3,NULL,NULL,129,681,1,'2021-04-20',NULL,NULL,'2021-04-20 17:43:07'),(31,4,NULL,NULL,65,362,0,'2021-04-20',NULL,NULL,'2021-04-20 17:43:07'),(32,4,NULL,NULL,66,367,0,'2021-04-20',NULL,NULL,'2021-04-20 17:43:07'),(33,4,NULL,NULL,67,371,1,'2021-04-20',NULL,NULL,'2021-04-20 17:43:07'),(34,4,NULL,NULL,68,377,1,'2021-04-20',NULL,NULL,'2021-04-20 17:43:07'),(35,4,NULL,NULL,69,385,0,'2021-04-20',NULL,NULL,'2021-04-20 17:43:07'),(36,4,NULL,NULL,125,664,0,'2021-04-20',NULL,NULL,'2021-04-20 17:43:08'),(37,4,NULL,NULL,126,667,1,'2021-04-20',NULL,NULL,'2021-04-20 17:43:08'),(38,4,NULL,NULL,127,674,1,'2021-04-20',NULL,NULL,'2021-04-20 17:43:08'),(39,4,NULL,NULL,128,676,0,'2021-04-20',NULL,NULL,'2021-04-20 17:43:09'),(40,4,NULL,NULL,129,685,0,'2021-04-20',NULL,NULL,'2021-04-20 17:43:09'),(41,5,NULL,NULL,65,-1,-1,'2021-04-21',NULL,NULL,'2021-04-21 17:32:37'),(42,5,NULL,NULL,66,-1,-1,'2021-04-21',NULL,NULL,'2021-04-21 17:32:37'),(43,5,NULL,NULL,67,-1,-1,'2021-04-21',NULL,NULL,'2021-04-21 17:32:37'),(44,5,NULL,NULL,68,-1,-1,'2021-04-21',NULL,NULL,'2021-04-21 17:32:37'),(45,5,NULL,NULL,69,385,0,'2021-04-21',NULL,NULL,'2021-04-21 17:32:37'),(46,5,NULL,NULL,125,-1,-1,'2021-04-21',NULL,NULL,'2021-04-21 17:32:38'),(47,5,NULL,NULL,126,-1,-1,'2021-04-21',NULL,NULL,'2021-04-21 17:32:38'),(48,5,NULL,NULL,127,-1,-1,'2021-04-21',NULL,NULL,'2021-04-21 17:32:38'),(49,5,NULL,NULL,128,-1,-1,'2021-04-21',NULL,NULL,'2021-04-21 17:32:38'),(50,5,NULL,NULL,129,681,1,'2021-04-21',NULL,NULL,'2021-04-21 17:32:38'),(51,6,NULL,NULL,65,363,0,'2021-04-21',NULL,NULL,'2021-04-21 18:53:27'),(52,6,NULL,NULL,66,369,1,'2021-04-21',NULL,NULL,'2021-04-21 18:53:27'),(53,6,NULL,NULL,67,371,1,'2021-04-21',NULL,NULL,'2021-04-21 18:53:28'),(54,6,NULL,NULL,68,377,1,'2021-04-21',NULL,NULL,'2021-04-21 18:53:35'),(55,6,NULL,NULL,69,385,0,'2021-04-21',NULL,NULL,'2021-04-21 18:53:35'),(56,6,NULL,NULL,125,661,0,'2021-04-21',NULL,NULL,'2021-04-21 18:53:35'),(57,6,NULL,NULL,126,667,1,'2021-04-21',NULL,NULL,'2021-04-21 18:53:36'),(58,6,NULL,NULL,127,674,1,'2021-04-21',NULL,NULL,'2021-04-21 18:53:36'),(59,6,NULL,NULL,128,678,1,'2021-04-21',NULL,NULL,'2021-04-21 18:53:36'),(60,6,NULL,NULL,129,682,0,'2021-04-21',NULL,NULL,'2021-04-21 18:53:36'),(61,7,NULL,NULL,240,1240,0,'2021-04-24',NULL,NULL,'2021-04-24 12:51:24'),(62,7,NULL,NULL,241,1241,0,'2021-04-24',NULL,NULL,'2021-04-24 12:51:24'),(63,7,NULL,NULL,242,1248,1,'2021-04-24',NULL,NULL,'2021-04-24 12:51:25'),(64,7,NULL,NULL,243,1254,1,'2021-04-24',NULL,NULL,'2021-04-24 12:51:25'),(65,7,NULL,NULL,244,1257,0,'2021-04-24',NULL,NULL,'2021-04-24 12:51:25'),(66,7,NULL,NULL,245,1265,1,'2021-04-24',NULL,NULL,'2021-04-24 12:51:25'),(67,7,NULL,NULL,246,1266,0,'2021-04-24',NULL,NULL,'2021-04-24 12:51:25'),(68,7,NULL,NULL,247,1272,0,'2021-04-24',NULL,NULL,'2021-04-24 12:51:26'),(69,7,NULL,NULL,248,1276,1,'2021-04-24',NULL,NULL,'2021-04-24 12:51:26'),(70,7,NULL,NULL,249,1282,1,'2021-04-24',NULL,NULL,'2021-04-24 12:51:26'),(71,8,NULL,NULL,338,1730,1,'2021-04-24',NULL,NULL,'2021-04-24 12:56:49'),(72,8,NULL,NULL,339,-1,-1,'2021-04-24',NULL,NULL,'2021-04-24 12:56:49'),(73,8,NULL,NULL,340,1739,1,'2021-04-24',NULL,NULL,'2021-04-24 12:56:49'),(74,8,NULL,NULL,341,1742,1,'2021-04-24',NULL,NULL,'2021-04-24 12:56:50'),(75,8,NULL,NULL,342,1748,1,'2021-04-24',NULL,NULL,'2021-04-24 12:56:50'),(76,8,NULL,NULL,354,1809,1,'2021-04-24',NULL,NULL,'2021-04-24 12:56:50'),(77,8,NULL,NULL,355,1813,1,'2021-04-24',NULL,NULL,'2021-04-24 12:56:50'),(78,8,NULL,NULL,356,1820,1,'2021-04-24',NULL,NULL,'2021-04-24 12:56:50'),(79,8,NULL,NULL,357,1821,1,'2021-04-24',NULL,NULL,'2021-04-24 12:56:51'),(80,8,NULL,NULL,358,1830,0,'2021-04-24',NULL,NULL,'2021-04-24 12:56:51'),(81,11,NULL,NULL,18,128,0,'2021-04-24',NULL,NULL,'2021-04-24 13:08:59'),(82,11,NULL,NULL,19,132,1,'2021-04-24',NULL,NULL,'2021-04-24 13:08:59'),(83,11,NULL,NULL,20,138,1,'2021-04-24',NULL,NULL,'2021-04-24 13:09:00'),(84,11,NULL,NULL,21,145,0,'2021-04-24',NULL,NULL,'2021-04-24 13:09:00'),(85,11,NULL,NULL,22,146,0,'2021-04-24',NULL,NULL,'2021-04-24 13:09:00'),(86,11,NULL,NULL,80,438,1,'2021-04-24',NULL,NULL,'2021-04-24 13:09:00'),(87,11,NULL,NULL,81,445,0,'2021-04-24',NULL,NULL,'2021-04-24 13:09:00'),(88,11,NULL,NULL,82,447,0,'2021-04-24',NULL,NULL,'2021-04-24 13:09:01'),(89,11,NULL,NULL,83,451,0,'2021-04-24',NULL,NULL,'2021-04-24 13:09:01'),(90,11,NULL,NULL,84,458,0,'2021-04-24',NULL,NULL,'2021-04-24 13:09:01'),(91,14,NULL,NULL,65,362,0,'2021-04-24',NULL,NULL,'2021-04-24 18:29:26'),(92,14,NULL,NULL,66,366,0,'2021-04-24',NULL,NULL,'2021-04-24 18:29:26'),(93,14,NULL,NULL,67,373,0,'2021-04-24',NULL,NULL,'2021-04-24 18:29:27'),(94,14,NULL,NULL,68,377,1,'2021-04-24',NULL,NULL,'2021-04-24 18:29:27'),(95,14,NULL,NULL,69,385,0,'2021-04-24',NULL,NULL,'2021-04-24 18:29:27'),(96,14,NULL,NULL,125,662,0,'2021-04-24',NULL,NULL,'2021-04-24 18:29:27'),(97,14,NULL,NULL,126,668,0,'2021-04-24',NULL,NULL,'2021-04-24 18:29:27'),(98,14,NULL,NULL,127,671,0,'2021-04-24',NULL,NULL,'2021-04-24 18:29:28'),(99,14,NULL,NULL,128,679,0,'2021-04-24',NULL,NULL,'2021-04-24 18:29:28'),(100,14,NULL,NULL,129,682,0,'2021-04-24',NULL,NULL,'2021-04-24 18:29:28'),(101,15,NULL,NULL,58,330,0,'2021-04-25',NULL,NULL,'2021-04-25 15:49:22'),(102,15,NULL,NULL,59,334,0,'2021-04-25',NULL,NULL,'2021-04-25 15:49:22'),(103,15,NULL,NULL,60,-1,-1,'2021-04-25',NULL,NULL,'2021-04-25 15:49:22'),(104,15,NULL,NULL,62,-1,-1,'2021-04-25',NULL,NULL,'2021-04-25 15:49:22'),(105,15,NULL,NULL,64,-1,-1,'2021-04-25',NULL,NULL,'2021-04-25 15:49:22'),(106,15,NULL,NULL,120,-1,-1,'2021-04-25',NULL,NULL,'2021-04-25 15:49:23'),(107,15,NULL,NULL,121,644,1,'2021-04-25',NULL,NULL,'2021-04-25 15:49:23'),(108,15,NULL,NULL,122,648,1,'2021-04-25',NULL,NULL,'2021-04-25 15:49:23'),(109,15,NULL,NULL,123,651,0,'2021-04-25',NULL,NULL,'2021-04-25 15:49:23'),(110,15,NULL,NULL,124,660,0,'2021-04-25',NULL,NULL,'2021-04-25 15:49:23'),(111,16,NULL,NULL,338,1730,1,'2021-04-25',NULL,NULL,'2021-04-25 15:53:40'),(112,16,NULL,NULL,339,1731,1,'2021-04-25',NULL,NULL,'2021-04-25 15:53:40'),(113,16,NULL,NULL,340,1738,0,'2021-04-25',NULL,NULL,'2021-04-25 15:53:40'),(114,16,NULL,NULL,341,1742,1,'2021-04-25',NULL,NULL,'2021-04-25 15:53:41'),(115,16,NULL,NULL,342,1748,1,'2021-04-25',NULL,NULL,'2021-04-25 15:53:41'),(116,16,NULL,NULL,354,1809,1,'2021-04-25',NULL,NULL,'2021-04-25 15:53:41'),(117,16,NULL,NULL,355,1813,1,'2021-04-25',NULL,NULL,'2021-04-25 15:53:41'),(118,16,NULL,NULL,356,1820,1,'2021-04-25',NULL,NULL,'2021-04-25 15:53:41'),(119,16,NULL,NULL,357,1821,1,'2021-04-25',NULL,NULL,'2021-04-25 15:53:42'),(120,16,NULL,NULL,358,1827,1,'2021-04-25',NULL,NULL,'2021-04-25 15:53:42'),(121,17,NULL,NULL,28,176,1,'2021-04-26',NULL,NULL,'2021-04-26 09:29:37'),(122,17,NULL,NULL,29,184,0,'2021-04-26',NULL,NULL,'2021-04-26 09:29:37'),(123,17,NULL,NULL,30,189,1,'2021-04-26',NULL,NULL,'2021-04-26 09:29:38'),(124,17,NULL,NULL,31,193,1,'2021-04-26',NULL,NULL,'2021-04-26 09:29:38'),(125,17,NULL,NULL,32,200,1,'2021-04-26',NULL,NULL,'2021-04-26 09:29:38'),(126,17,NULL,NULL,90,487,1,'2021-04-26',NULL,NULL,'2021-04-26 09:29:38'),(127,17,NULL,NULL,91,-1,-1,'2021-04-26',NULL,NULL,'2021-04-26 09:29:39'),(128,17,NULL,NULL,92,-1,-1,'2021-04-26',NULL,NULL,'2021-04-26 09:29:39'),(129,17,NULL,NULL,93,-1,-1,'2021-04-26',NULL,NULL,'2021-04-26 09:29:39'),(130,17,NULL,NULL,94,508,1,'2021-04-26',NULL,NULL,'2021-04-26 09:29:39'),(131,19,NULL,NULL,28,-1,-1,'2021-05-07',NULL,NULL,'2021-05-07 09:36:50'),(132,19,NULL,NULL,29,181,0,'2021-05-07',NULL,NULL,'2021-05-07 09:36:50'),(133,19,NULL,NULL,30,187,0,'2021-05-07',NULL,NULL,'2021-05-07 09:36:50'),(134,19,NULL,NULL,31,193,1,'2021-05-07',NULL,NULL,'2021-05-07 09:36:51'),(135,19,NULL,NULL,32,-1,-1,'2021-05-07',NULL,NULL,'2021-05-07 09:36:51'),(136,19,NULL,NULL,90,-1,-1,'2021-05-07',NULL,NULL,'2021-05-07 09:36:51'),(137,19,NULL,NULL,91,-1,-1,'2021-05-07',NULL,NULL,'2021-05-07 09:36:51'),(138,19,NULL,NULL,92,-1,-1,'2021-05-07',NULL,NULL,'2021-05-07 09:36:51'),(139,19,NULL,NULL,93,-1,-1,'2021-05-07',NULL,NULL,'2021-05-07 09:36:51'),(140,19,NULL,NULL,94,-1,-1,'2021-05-07',NULL,NULL,'2021-05-07 09:36:52'),(141,20,NULL,NULL,38,-1,-1,'2021-05-07',NULL,NULL,'2021-05-07 09:36:52'),(142,20,NULL,NULL,39,-1,-1,'2021-05-07',NULL,NULL,'2021-05-07 09:36:52'),(143,20,NULL,NULL,40,240,0,'2021-05-07',NULL,NULL,'2021-05-07 09:36:52'),(144,20,NULL,NULL,41,243,0,'2021-05-07',NULL,NULL,'2021-05-07 09:36:52'),(145,20,NULL,NULL,42,247,0,'2021-05-07',NULL,NULL,'2021-05-07 09:36:53'),(146,20,NULL,NULL,100,536,0,'2021-05-07',NULL,NULL,'2021-05-07 09:36:53'),(147,20,NULL,NULL,101,543,0,'2021-05-07',NULL,NULL,'2021-05-07 09:36:53'),(148,20,NULL,NULL,102,550,0,'2021-05-07',NULL,NULL,'2021-05-07 09:36:53'),(149,20,NULL,NULL,103,554,0,'2021-05-07',NULL,NULL,'2021-05-07 09:36:53'),(150,20,NULL,NULL,104,557,0,'2021-05-07',NULL,NULL,'2021-05-07 09:36:54'),(151,21,NULL,NULL,28,176,1,'2021-05-07',NULL,NULL,'2021-05-07 09:36:54'),(152,21,NULL,NULL,29,184,0,'2021-05-07',NULL,NULL,'2021-05-07 09:36:54'),(153,21,NULL,NULL,30,187,0,'2021-05-07',NULL,NULL,'2021-05-07 09:36:54'),(154,21,NULL,NULL,31,195,0,'2021-05-07',NULL,NULL,'2021-05-07 09:36:54'),(155,21,NULL,NULL,32,196,0,'2021-05-07',NULL,NULL,'2021-05-07 09:36:55'),(156,21,NULL,NULL,90,-1,-1,'2021-05-07',NULL,NULL,'2021-05-07 09:36:55'),(157,21,NULL,NULL,91,-1,-1,'2021-05-07',NULL,NULL,'2021-05-07 09:36:55'),(158,21,NULL,NULL,92,498,0,'2021-05-07',NULL,NULL,'2021-05-07 09:36:55'),(159,21,NULL,NULL,93,504,1,'2021-05-07',NULL,NULL,'2021-05-07 09:36:55'),(160,21,NULL,NULL,94,506,0,'2021-05-07',NULL,NULL,'2021-05-07 09:36:56'),(161,22,NULL,NULL,18,-1,-1,'2021-05-07',NULL,NULL,'2021-05-07 09:46:37'),(162,22,NULL,NULL,19,-1,-1,'2021-05-07',NULL,NULL,'2021-05-07 09:46:38'),(163,22,NULL,NULL,20,-1,-1,'2021-05-07',NULL,NULL,'2021-05-07 09:46:38'),(164,22,NULL,NULL,21,-1,-1,'2021-05-07',NULL,NULL,'2021-05-07 09:46:38'),(165,22,NULL,NULL,22,-1,-1,'2021-05-07',NULL,NULL,'2021-05-07 09:46:38'),(166,22,NULL,NULL,80,-1,-1,'2021-05-07',NULL,NULL,'2021-05-07 09:46:38'),(167,22,NULL,NULL,81,-1,-1,'2021-05-07',NULL,NULL,'2021-05-07 09:46:39'),(168,22,NULL,NULL,82,-1,-1,'2021-05-07',NULL,NULL,'2021-05-07 09:46:39'),(169,22,NULL,NULL,83,-1,-1,'2021-05-07',NULL,NULL,'2021-05-07 09:46:39'),(170,22,NULL,NULL,84,459,0,'2021-05-07',NULL,NULL,'2021-05-07 09:46:39'),(171,23,NULL,NULL,23,-1,-1,'2021-05-07',NULL,NULL,'2021-05-07 09:46:39'),(172,23,NULL,NULL,24,159,1,'2021-05-07',NULL,NULL,'2021-05-07 09:46:40'),(173,23,NULL,NULL,25,-1,-1,'2021-05-07',NULL,NULL,'2021-05-07 09:46:40'),(174,23,NULL,NULL,26,166,0,'2021-05-07',NULL,NULL,'2021-05-07 09:46:40'),(175,23,NULL,NULL,27,171,0,'2021-05-07',NULL,NULL,'2021-05-07 09:46:40'),(176,23,NULL,NULL,85,463,0,'2021-05-07',NULL,NULL,'2021-05-07 09:46:40'),(177,23,NULL,NULL,86,468,1,'2021-05-07',NULL,NULL,'2021-05-07 09:46:41'),(178,23,NULL,NULL,87,472,1,'2021-05-07',NULL,NULL,'2021-05-07 09:46:41'),(179,23,NULL,NULL,88,476,1,'2021-05-07',NULL,NULL,'2021-05-07 09:46:41'),(180,23,NULL,NULL,89,485,1,'2021-05-07',NULL,NULL,'2021-05-07 09:46:41'),(181,24,NULL,NULL,65,361,0,'2021-05-07',NULL,NULL,'2021-05-07 09:51:22'),(182,24,NULL,NULL,66,369,1,'2021-05-07',NULL,NULL,'2021-05-07 09:51:23'),(183,24,NULL,NULL,67,371,1,'2021-05-07',NULL,NULL,'2021-05-07 09:51:23'),(184,24,NULL,NULL,68,377,1,'2021-05-07',NULL,NULL,'2021-05-07 09:51:23'),(185,24,NULL,NULL,69,385,0,'2021-05-07',NULL,NULL,'2021-05-07 09:51:23'),(186,24,NULL,NULL,125,665,1,'2021-05-07',NULL,NULL,'2021-05-07 09:51:23'),(187,24,NULL,NULL,126,667,1,'2021-05-07',NULL,NULL,'2021-05-07 09:51:23'),(188,24,NULL,NULL,127,674,1,'2021-05-07',NULL,NULL,'2021-05-07 09:51:24'),(189,24,NULL,NULL,128,679,0,'2021-05-07',NULL,NULL,'2021-05-07 09:51:24'),(190,24,NULL,NULL,129,-1,-1,'2021-05-07',NULL,NULL,'2021-05-07 09:51:24'),(191,25,NULL,NULL,4,60,1,'2021-06-16',NULL,NULL,'2021-06-16 06:22:28'),(192,25,NULL,NULL,6,67,0,'2021-06-16',NULL,NULL,'2021-06-16 06:22:28'),(193,25,NULL,NULL,7,73,0,'2021-06-16',NULL,NULL,'2021-06-16 06:22:28'),(194,25,NULL,NULL,8,8,1,'2021-06-16',NULL,NULL,'2021-06-16 06:22:28'),(195,25,NULL,NULL,12,-1,-1,'2021-06-16',NULL,NULL,'2021-06-16 06:22:28'),(196,25,NULL,NULL,70,387,1,'2021-06-16',NULL,NULL,'2021-06-16 06:22:28'),(197,25,NULL,NULL,71,395,1,'2021-06-16',NULL,NULL,'2021-06-16 06:22:29'),(198,25,NULL,NULL,72,396,1,'2021-06-16',NULL,NULL,'2021-06-16 06:22:29'),(199,25,NULL,NULL,73,404,1,'2021-06-16',NULL,NULL,'2021-06-16 06:22:29'),(200,25,NULL,NULL,74,408,1,'2021-06-16',NULL,NULL,'2021-06-16 06:22:29'),(201,26,NULL,NULL,4,-1,-1,'2021-09-20',NULL,NULL,'2021-09-20 05:37:01'),(202,26,NULL,NULL,6,69,1,'2021-09-20',NULL,NULL,'2021-09-20 05:37:01'),(203,26,NULL,NULL,7,75,0,'2021-09-20',NULL,NULL,'2021-09-20 05:37:01'),(204,26,NULL,NULL,8,80,0,'2021-09-20',NULL,NULL,'2021-09-20 05:37:02'),(205,26,NULL,NULL,12,100,0,'2021-09-20',NULL,NULL,'2021-09-20 05:37:02'),(206,26,NULL,NULL,70,390,0,'2021-09-20',NULL,NULL,'2021-09-20 05:37:02'),(207,26,NULL,NULL,71,395,1,'2021-09-20',NULL,NULL,'2021-09-20 05:37:02'),(208,26,NULL,NULL,72,400,0,'2021-09-20',NULL,NULL,'2021-09-20 05:37:02'),(209,26,NULL,NULL,73,405,0,'2021-09-20',NULL,NULL,'2021-09-20 05:37:02'),(210,26,NULL,NULL,74,410,0,'2021-09-20',NULL,NULL,'2021-09-20 05:37:03'),(211,27,NULL,NULL,230,-1,-1,'2021-09-20',NULL,NULL,'2021-09-20 05:37:03'),(212,27,NULL,NULL,18,130,0,'2021-09-20',NULL,NULL,'2021-09-20 05:37:03'),(213,27,NULL,NULL,4,59,0,'2021-09-20',NULL,NULL,'2021-09-20 05:37:03'),(214,27,NULL,NULL,6,69,1,'2021-09-20',NULL,NULL,'2021-09-20 05:37:03'),(215,27,NULL,NULL,7,72,1,'2021-09-20',NULL,NULL,'2021-09-20 05:37:03'),(216,27,NULL,NULL,8,8,1,'2021-09-20',NULL,NULL,'2021-09-20 05:37:04'),(217,27,NULL,NULL,12,98,1,'2021-09-20',NULL,NULL,'2021-09-20 05:37:04'),(218,27,NULL,NULL,70,390,0,'2021-09-20',NULL,NULL,'2021-09-20 05:37:04'),(219,27,NULL,NULL,230,-1,-1,'2021-09-20',NULL,NULL,'2021-09-20 05:37:04'),(220,27,NULL,NULL,4,60,1,'2021-09-20',NULL,NULL,'2021-09-20 05:37:04'),(221,27,NULL,NULL,6,67,0,'2021-09-20',NULL,NULL,'2021-09-20 05:37:04'),(222,27,NULL,NULL,240,-1,-1,'2021-09-20',NULL,NULL,'2021-09-20 05:37:04'),(223,27,NULL,NULL,241,-1,-1,'2021-09-20',NULL,NULL,'2021-09-20 05:37:05'),(224,27,NULL,NULL,242,-1,-1,'2021-09-20',NULL,NULL,'2021-09-20 05:37:05'),(225,27,NULL,NULL,4,60,1,'2021-09-20',NULL,NULL,'2021-09-20 05:37:05'),(226,27,NULL,NULL,6,69,1,'2021-09-20',NULL,NULL,'2021-09-20 05:37:05'),(227,27,NULL,NULL,7,72,1,'2021-09-20',NULL,NULL,'2021-09-20 05:37:05'),(228,27,NULL,NULL,8,8,1,'2021-09-20',NULL,NULL,'2021-09-20 05:37:05'),(229,27,NULL,NULL,12,96,0,'2021-09-20',NULL,NULL,'2021-09-20 05:37:06'),(230,27,NULL,NULL,70,387,1,'2021-09-20',NULL,NULL,'2021-09-20 05:37:06'),(231,27,NULL,NULL,71,395,1,'2021-09-20',NULL,NULL,'2021-09-20 05:37:06'),(232,27,NULL,NULL,72,396,1,'2021-09-20',NULL,NULL,'2021-09-20 05:37:06'),(233,27,NULL,NULL,73,404,1,'2021-09-20',NULL,NULL,'2021-09-20 05:37:06'),(234,27,NULL,NULL,74,408,1,'2021-09-20',NULL,NULL,'2021-09-20 05:37:06'),(235,28,NULL,NULL,130,686,1,'2021-09-20',NULL,NULL,'2021-09-20 05:37:07'),(236,28,NULL,NULL,131,692,1,'2021-09-20',NULL,NULL,'2021-09-20 05:37:07'),(237,28,NULL,NULL,132,700,1,'2021-09-20',NULL,NULL,'2021-09-20 05:37:07'),(238,28,NULL,NULL,134,708,1,'2021-09-20',NULL,NULL,'2021-09-20 05:37:07'),(239,28,NULL,NULL,135,714,1,'2021-09-20',NULL,NULL,'2021-09-20 05:37:07'),(240,28,NULL,NULL,136,720,1,'2021-09-20',NULL,NULL,'2021-09-20 05:37:07'),(241,28,NULL,NULL,137,722,1,'2021-09-20',NULL,NULL,'2021-09-20 05:37:08'),(242,28,NULL,NULL,138,728,1,'2021-09-20',NULL,NULL,'2021-09-20 05:37:08'),(243,28,NULL,NULL,139,731,1,'2021-09-20',NULL,NULL,'2021-09-20 05:37:08'),(244,28,NULL,NULL,140,740,0,'2021-09-20',NULL,NULL,'2021-09-20 05:37:08'),(245,28,NULL,NULL,4,60,1,'2021-09-20',NULL,NULL,'2021-09-20 05:37:08'),(246,28,NULL,NULL,6,69,1,'2021-09-20',NULL,NULL,'2021-09-20 05:37:08'),(247,28,NULL,NULL,7,72,1,'2021-09-20',NULL,NULL,'2021-09-20 05:37:09'),(248,28,NULL,NULL,8,8,1,'2021-09-20',NULL,NULL,'2021-09-20 05:37:09'),(249,28,NULL,NULL,12,98,1,'2021-09-20',NULL,NULL,'2021-09-20 05:37:09'),(250,28,NULL,NULL,70,387,1,'2021-09-20',NULL,NULL,'2021-09-20 05:37:09'),(251,28,NULL,NULL,71,395,1,'2021-09-20',NULL,NULL,'2021-09-20 05:37:09'),(252,28,NULL,NULL,72,396,1,'2021-09-20',NULL,NULL,'2021-09-20 05:37:09'),(253,28,NULL,NULL,73,404,1,'2021-09-20',NULL,NULL,'2021-09-20 05:37:09'),(254,28,NULL,NULL,74,408,1,'2021-09-20',NULL,NULL,'2021-09-20 05:37:10'),(255,29,NULL,NULL,4,60,1,'2021-09-20',NULL,NULL,'2021-09-20 06:01:53'),(256,29,NULL,NULL,6,69,1,'2021-09-20',NULL,NULL,'2021-09-20 06:01:53'),(257,29,NULL,NULL,7,72,1,'2021-09-20',NULL,NULL,'2021-09-20 06:01:53'),(258,29,NULL,NULL,8,8,1,'2021-09-20',NULL,NULL,'2021-09-20 06:01:54'),(259,29,NULL,NULL,12,98,1,'2021-09-20',NULL,NULL,'2021-09-20 06:01:54'),(260,29,NULL,NULL,70,387,1,'2021-09-20',NULL,NULL,'2021-09-20 06:01:54'),(261,29,NULL,NULL,71,395,1,'2021-09-20',NULL,NULL,'2021-09-20 06:01:54'),(262,29,NULL,NULL,72,396,1,'2021-09-20',NULL,NULL,'2021-09-20 06:01:54'),(263,29,NULL,NULL,73,402,0,'2021-09-20',NULL,NULL,'2021-09-20 06:01:54'),(264,29,NULL,NULL,74,408,1,'2021-09-20',NULL,NULL,'2021-09-20 06:01:55'),(265,30,NULL,NULL,332,1700,1,'2021-09-20',NULL,NULL,'2021-09-20 06:01:55'),(266,30,NULL,NULL,333,1701,1,'2021-09-20',NULL,NULL,'2021-09-20 06:01:55'),(267,30,NULL,NULL,334,1707,1,'2021-09-20',NULL,NULL,'2021-09-20 06:01:55'),(268,30,NULL,NULL,335,1714,1,'2021-09-20',NULL,NULL,'2021-09-20 06:01:55'),(269,30,NULL,NULL,336,1718,1,'2021-09-20',NULL,NULL,'2021-09-20 06:01:55'),(270,30,NULL,NULL,349,1784,1,'2021-09-20',NULL,NULL,'2021-09-20 06:01:56'),(271,30,NULL,NULL,350,1788,1,'2021-09-20',NULL,NULL,'2021-09-20 06:01:56'),(272,30,NULL,NULL,351,1795,1,'2021-09-20',NULL,NULL,'2021-09-20 06:01:56'),(273,30,NULL,NULL,352,1796,1,'2021-09-20',NULL,NULL,'2021-09-20 06:01:56'),(274,30,NULL,NULL,353,1802,1,'2021-09-20',NULL,NULL,'2021-09-20 06:01:57'),(275,31,NULL,NULL,130,686,1,'2021-09-20',NULL,NULL,'2021-09-20 06:01:57'),(276,31,NULL,NULL,131,692,1,'2021-09-20',NULL,NULL,'2021-09-20 06:01:57'),(277,31,NULL,NULL,132,700,1,'2021-09-20',NULL,NULL,'2021-09-20 06:01:57'),(278,31,NULL,NULL,134,708,1,'2021-09-20',NULL,NULL,'2021-09-20 06:01:57'),(279,31,NULL,NULL,135,714,1,'2021-09-20',NULL,NULL,'2021-09-20 06:01:57'),(280,31,NULL,NULL,136,720,1,'2021-09-20',NULL,NULL,'2021-09-20 06:01:58'),(281,31,NULL,NULL,137,722,1,'2021-09-20',NULL,NULL,'2021-09-20 06:01:58'),(282,31,NULL,NULL,138,728,1,'2021-09-20',NULL,NULL,'2021-09-20 06:01:58'),(283,31,NULL,NULL,139,731,1,'2021-09-20',NULL,NULL,'2021-09-20 06:01:58'),(284,31,NULL,NULL,365,1864,1,'2021-09-20',NULL,NULL,'2021-09-20 06:01:58'),(285,40,17,74,6,66,0,'2023-06-04',NULL,'2023-06-04 21:44:28','2023-06-04 21:44:28'),(286,2,17,74,6,66,0,'2023-06-04',NULL,'2023-06-04 21:44:34','2023-06-04 21:44:34'),(287,1,17,74,6,66,0,'2023-06-04',NULL,'2023-06-04 21:44:38','2023-06-04 21:44:38'),(288,3,17,74,6,66,0,'2023-06-04',NULL,'2023-06-04 21:44:42','2023-06-04 21:44:42'),(289,4,17,74,6,66,0,'2023-06-04',NULL,'2023-06-04 21:44:45','2023-06-04 21:44:45'),(290,0,19,NULL,366,1866,NULL,'2023-06-05',NULL,'2023-06-05 13:54:12','2023-06-05 13:54:12'),(291,0,19,NULL,310,1586,NULL,'2023-06-05',NULL,'2023-06-05 13:54:12','2023-06-05 13:54:12'),(292,0,19,NULL,311,1594,NULL,'2023-06-05',NULL,'2023-06-05 13:54:12','2023-06-05 13:54:12'),(293,0,19,NULL,312,1600,NULL,'2023-06-05',NULL,'2023-06-05 13:54:13','2023-06-05 13:54:13'),(294,0,19,NULL,313,1601,NULL,'2023-06-05',NULL,'2023-06-05 13:54:13','2023-06-05 13:54:13'),(295,0,19,NULL,314,1608,NULL,'2023-06-05',NULL,'2023-06-05 13:54:13','2023-06-05 13:54:13'),(296,0,19,NULL,315,1614,NULL,'2023-06-05',NULL,'2023-06-05 13:54:13','2023-06-05 13:54:13'),(297,0,19,NULL,316,1618,NULL,'2023-06-05',NULL,'2023-06-05 13:54:14','2023-06-05 13:54:14'),(298,0,19,NULL,317,1622,NULL,'2023-06-05',NULL,'2023-06-05 13:54:14','2023-06-05 13:54:14'),(299,0,19,NULL,318,1626,NULL,'2023-06-05',NULL,'2023-06-05 13:54:14','2023-06-05 13:54:14'),(300,0,19,NULL,319,1635,NULL,'2023-06-05',NULL,'2023-06-05 13:54:14','2023-06-05 13:54:14'),(301,0,19,NULL,320,1639,NULL,'2023-06-05',NULL,'2023-06-05 13:54:15','2023-06-05 13:54:15'),(302,0,19,NULL,321,1641,NULL,'2023-06-05',NULL,'2023-06-05 13:54:15','2023-06-05 13:54:15'),(303,0,19,NULL,322,1647,NULL,'2023-06-05',NULL,'2023-06-05 13:54:15','2023-06-05 13:54:15'),(304,0,19,NULL,323,1653,NULL,'2023-06-05',NULL,'2023-06-05 13:54:16','2023-06-05 13:54:16'),(305,0,19,NULL,324,1660,NULL,'2023-06-05',NULL,'2023-06-05 13:54:16','2023-06-05 13:54:16'),(306,0,19,NULL,325,1661,NULL,'2023-06-05',NULL,'2023-06-05 13:54:16','2023-06-05 13:54:16'),(307,0,19,NULL,326,1667,NULL,'2023-06-05',NULL,'2023-06-05 13:54:16','2023-06-05 13:54:16'),(308,0,19,NULL,327,1675,NULL,'2023-06-05',NULL,'2023-06-05 13:54:16','2023-06-05 13:54:16'),(309,0,19,NULL,328,1678,NULL,'2023-06-05',NULL,'2023-06-05 13:54:17','2023-06-05 13:54:17'),(310,0,19,NULL,329,1684,NULL,'2023-06-05',NULL,'2023-06-05 13:54:17','2023-06-05 13:54:17'),(311,0,19,NULL,310,1588,NULL,'2023-06-05',NULL,'2023-06-05 13:58:02','2023-06-05 13:58:02'),(312,0,19,NULL,311,1592,NULL,'2023-06-05',NULL,'2023-06-05 13:58:02','2023-06-05 13:58:02'),(313,0,19,NULL,312,1598,NULL,'2023-06-05',NULL,'2023-06-05 13:58:03','2023-06-05 13:58:03'),(314,0,19,NULL,313,1603,NULL,'2023-06-05',NULL,'2023-06-05 13:58:03','2023-06-05 13:58:03'),(315,0,19,NULL,314,1608,NULL,'2023-06-05',NULL,'2023-06-05 13:58:03','2023-06-05 13:58:03'),(316,0,19,NULL,315,1611,NULL,'2023-06-05',NULL,'2023-06-05 13:58:03','2023-06-05 13:58:03'),(317,0,19,NULL,316,1617,NULL,'2023-06-05',NULL,'2023-06-05 13:58:04','2023-06-05 13:58:04'),(318,0,19,NULL,317,1623,NULL,'2023-06-05',NULL,'2023-06-05 13:58:04','2023-06-05 13:58:04'),(319,0,19,NULL,318,1630,NULL,'2023-06-05',NULL,'2023-06-05 13:58:04','2023-06-05 13:58:04'),(320,0,19,NULL,319,1632,NULL,'2023-06-05',NULL,'2023-06-05 13:58:04','2023-06-05 13:58:04'),(321,0,19,NULL,320,1638,NULL,'2023-06-05',NULL,'2023-06-05 13:58:04','2023-06-05 13:58:04'),(322,0,19,NULL,321,1644,NULL,'2023-06-05',NULL,'2023-06-05 13:58:05','2023-06-05 13:58:05'),(323,0,19,NULL,322,1650,NULL,'2023-06-05',NULL,'2023-06-05 13:58:05','2023-06-05 13:58:05'),(324,0,19,NULL,323,1655,NULL,'2023-06-05',NULL,'2023-06-05 13:58:05','2023-06-05 13:58:05'),(325,0,19,NULL,324,1656,NULL,'2023-06-05',NULL,'2023-06-05 13:58:05','2023-06-05 13:58:05'),(326,0,19,NULL,325,1663,NULL,'2023-06-05',NULL,'2023-06-05 13:58:05','2023-06-05 13:58:05'),(327,0,19,NULL,326,1667,NULL,'2023-06-05',NULL,'2023-06-05 13:58:05','2023-06-05 13:58:05'),(328,0,19,NULL,327,1672,NULL,'2023-06-05',NULL,'2023-06-05 13:58:06','2023-06-05 13:58:06'),(329,0,19,NULL,328,1677,NULL,'2023-06-05',NULL,'2023-06-05 13:58:06','2023-06-05 13:58:06'),(330,0,19,NULL,329,1683,NULL,'2023-06-05',NULL,'2023-06-05 13:58:06','2023-06-05 13:58:06'),(331,0,17,NULL,4,60,NULL,'2023-06-11',NULL,'2023-06-12 01:53:03','2023-06-12 01:53:03'),(332,0,17,NULL,6,-1,NULL,'2023-06-11',NULL,'2023-06-12 01:53:04','2023-06-12 01:53:04'),(333,0,17,NULL,7,-1,NULL,'2023-06-11',NULL,'2023-06-12 01:53:04','2023-06-12 01:53:04'),(334,0,17,NULL,8,-1,NULL,'2023-06-11',NULL,'2023-06-12 01:53:04','2023-06-12 01:53:04'),(335,0,17,NULL,12,-1,NULL,'2023-06-11',NULL,'2023-06-12 01:53:04','2023-06-12 01:53:04'),(336,0,17,NULL,70,-1,NULL,'2023-06-11',NULL,'2023-06-12 01:53:05','2023-06-12 01:53:05'),(337,0,17,NULL,71,395,NULL,'2023-06-11',NULL,'2023-06-12 01:53:05','2023-06-12 01:53:05'),(338,0,17,NULL,72,396,NULL,'2023-06-11',NULL,'2023-06-12 01:53:05','2023-06-12 01:53:05'),(339,0,17,NULL,73,404,NULL,'2023-06-11',NULL,'2023-06-12 01:53:05','2023-06-12 01:53:05'),(340,0,17,NULL,74,408,NULL,'2023-06-11',NULL,'2023-06-12 01:53:05','2023-06-12 01:53:05'),(341,0,17,NULL,140,737,NULL,'2023-06-11',NULL,'2023-06-12 01:57:15','2023-06-12 01:57:15'),(342,0,17,NULL,141,743,NULL,'2023-06-11',NULL,'2023-06-12 01:57:15','2023-06-12 01:57:15'),(343,0,17,NULL,142,750,NULL,'2023-06-11',NULL,'2023-06-12 01:57:15','2023-06-12 01:57:15'),(344,0,17,NULL,143,754,NULL,'2023-06-11',NULL,'2023-06-12 01:57:15','2023-06-12 01:57:15'),(345,0,17,NULL,144,756,NULL,'2023-06-11',NULL,'2023-06-12 01:57:16','2023-06-12 01:57:16'),(346,0,17,NULL,145,763,NULL,'2023-06-11',NULL,'2023-06-12 01:57:16','2023-06-12 01:57:16'),(347,0,17,NULL,146,769,NULL,'2023-06-11',NULL,'2023-06-12 01:57:16','2023-06-12 01:57:16'),(348,0,17,NULL,147,775,NULL,'2023-06-11',NULL,'2023-06-12 01:57:16','2023-06-12 01:57:16'),(349,0,17,NULL,148,776,NULL,'2023-06-11',NULL,'2023-06-12 01:57:16','2023-06-12 01:57:16'),(350,0,17,NULL,149,782,NULL,'2023-06-11',NULL,'2023-06-12 01:57:17','2023-06-12 01:57:17');
/*!40000 ALTER TABLE `results` ENABLE KEYS */;
UNLOCK TABLES;

--
-- Table structure for table `role_has_permissions`
--

DROP TABLE IF EXISTS `role_has_permissions`;
/*!40101 SET @saved_cs_client     = @@character_set_client */;
/*!40101 SET character_set_client = utf8 */;
CREATE TABLE `role_has_permissions` (
  `permission_id` bigint(20) unsigned NOT NULL,
  `role_id` bigint(20) unsigned NOT NULL,
  PRIMARY KEY (`permission_id`,`role_id`),
  KEY `role_has_permissions_role_id_foreign` (`role_id`),
  CONSTRAINT `role_has_permissions_permission_id_foreign` FOREIGN KEY (`permission_id`) REFERENCES `permissions` (`id`) ON DELETE CASCADE,
  CONSTRAINT `role_has_permissions_role_id_foreign` FOREIGN KEY (`role_id`) REFERENCES `roles` (`id`) ON DELETE CASCADE
) ENGINE=InnoDB DEFAULT CHARSET=utf8mb4 COLLATE=utf8mb4_unicode_ci;
/*!40101 SET character_set_client = @saved_cs_client */;

--
-- Dumping data for table `role_has_permissions`
--

LOCK TABLES `role_has_permissions` WRITE;
/*!40000 ALTER TABLE `role_has_permissions` DISABLE KEYS */;
/*!40000 ALTER TABLE `role_has_permissions` ENABLE KEYS */;
UNLOCK TABLES;

--
-- Table structure for table `roles`
--

DROP TABLE IF EXISTS `roles`;
/*!40101 SET @saved_cs_client     = @@character_set_client */;
/*!40101 SET character_set_client = utf8 */;
CREATE TABLE `roles` (
  `id` bigint(20) unsigned NOT NULL AUTO_INCREMENT,
  `name` varchar(255) COLLATE utf8mb4_unicode_ci NOT NULL,
  `guard_name` varchar(255) COLLATE utf8mb4_unicode_ci NOT NULL,
  `created_at` timestamp NULL DEFAULT NULL,
  `updated_at` timestamp NULL DEFAULT NULL,
  PRIMARY KEY (`id`),
  UNIQUE KEY `roles_name_guard_name_unique` (`name`,`guard_name`)
) ENGINE=InnoDB DEFAULT CHARSET=utf8mb4 COLLATE=utf8mb4_unicode_ci;
/*!40101 SET character_set_client = @saved_cs_client */;

--
-- Dumping data for table `roles`
--

LOCK TABLES `roles` WRITE;
/*!40000 ALTER TABLE `roles` DISABLE KEYS */;
/*!40000 ALTER TABLE `roles` ENABLE KEYS */;
UNLOCK TABLES;

--
-- Table structure for table `test_histories`
--

DROP TABLE IF EXISTS `test_histories`;
/*!40101 SET @saved_cs_client     = @@character_set_client */;
/*!40101 SET character_set_client = utf8 */;
CREATE TABLE `test_histories` (
  `id` bigint(20) unsigned NOT NULL AUTO_INCREMENT,
  `patient_id` int(11) DEFAULT NULL,
  `doctor_id` int(11) DEFAULT NULL,
  `level_id` int(11) DEFAULT NULL,
  `ear_side` varchar(255) COLLATE utf8mb4_unicode_ci DEFAULT NULL,
  `test_date` varchar(255) COLLATE utf8mb4_unicode_ci DEFAULT NULL,
  `start_time` varchar(255) COLLATE utf8mb4_unicode_ci DEFAULT NULL,
  `end_time` varchar(255) COLLATE utf8mb4_unicode_ci DEFAULT NULL,
  `total_questions` int(11) DEFAULT NULL,
  `total_answers` int(11) DEFAULT NULL,
  `percentage` varchar(255) COLLATE utf8mb4_unicode_ci DEFAULT NULL,
  `created_at` timestamp NULL DEFAULT NULL,
  `updated_at` timestamp NULL DEFAULT NULL,
  PRIMARY KEY (`id`)
) ENGINE=InnoDB AUTO_INCREMENT=5 DEFAULT CHARSET=utf8mb4 COLLATE=utf8mb4_unicode_ci;
/*!40101 SET character_set_client = @saved_cs_client */;

--
-- Dumping data for table `test_histories`
--

LOCK TABLES `test_histories` WRITE;
/*!40000 ALTER TABLE `test_histories` DISABLE KEYS */;
INSERT INTO `test_histories` (`id`, `patient_id`, `doctor_id`, `level_id`, `ear_side`, `test_date`, `start_time`, `end_time`, `total_questions`, `total_answers`, `percentage`, `created_at`, `updated_at`) VALUES (1,74,18,1,'1','2021-04-17 15:06:42','2021-04-17 15:06:42','2023-06-04 17:44:38',11,6,'55','2023-06-04 18:40:28','2023-06-04 21:44:38'),(2,74,17,1,'1','2021-04-17 15:06:42','2021-04-17 15:06:42','2023-06-04 17:44:34',11,7,'64','2023-06-04 18:57:46','2023-06-04 21:44:34'),(3,74,17,1,'1','2021-04-17 15:06:42','2021-04-17 15:06:42','2023-06-04 17:44:42',11,7,'64','2023-06-04 18:57:49','2023-06-04 21:44:42'),(4,74,18,1,'1','2021-04-17 15:06:42','2021-04-17 15:06:42','2023-06-04 17:44:45',11,4,'36','2023-06-04 21:41:38','2023-06-04 21:44:45');
/*!40000 ALTER TABLE `test_histories` ENABLE KEYS */;
UNLOCK TABLES;

--
-- Table structure for table `users`
--

DROP TABLE IF EXISTS `users`;
/*!40101 SET @saved_cs_client     = @@character_set_client */;
/*!40101 SET character_set_client = utf8 */;
CREATE TABLE `users` (
  `id` bigint(20) unsigned NOT NULL AUTO_INCREMENT,
  `name` varchar(255) COLLATE utf8mb4_unicode_ci NOT NULL,
  `email` varchar(255) COLLATE utf8mb4_unicode_ci NOT NULL,
  `email_verified_at` timestamp NULL DEFAULT NULL,
  `password` varchar(255) COLLATE utf8mb4_unicode_ci NOT NULL,
  `admingroup_id` int(11) DEFAULT NULL,
  `active` int(11) NOT NULL DEFAULT '1',
  `remember_token` varchar(100) COLLATE utf8mb4_unicode_ci DEFAULT NULL,
  `created_at` timestamp NULL DEFAULT NULL,
  `updated_at` timestamp NULL DEFAULT NULL,
  PRIMARY KEY (`id`),
  UNIQUE KEY `users_email_unique` (`email`)
) ENGINE=InnoDB AUTO_INCREMENT=3 DEFAULT CHARSET=utf8mb4 COLLATE=utf8mb4_unicode_ci;
/*!40101 SET character_set_client = @saved_cs_client */;

--
-- Dumping data for table `users`
--

LOCK TABLES `users` WRITE;
/*!40000 ALTER TABLE `users` DISABLE KEYS */;
INSERT INTO `users` (`id`, `name`, `email`, `email_verified_at`, `password`, `admingroup_id`, `active`, `remember_token`, `created_at`, `updated_at`) VALUES (1,'admin','admin@saas.com',NULL,'$2y$10$XIiOHAegwZ1dpsU6h/4y9OZ0kfoHK22oAGMzINDUczeflpGtpGNe6',1,1,NULL,'2023-01-21 14:01:45','2023-03-02 14:58:03'),(2,'wafaa abu jame','wafaajame@gmail.com',NULL,'$2y$10$3BH9FGVuxF9kPP00I3zsfO2NeOAXxVbJJBz.90DolPXSBI9FtCt2m',5,1,NULL,'2023-05-14 20:54:35','2023-05-14 20:54:35');
/*!40000 ALTER TABLE `users` ENABLE KEYS */;
UNLOCK TABLES;

--
-- Dumping events for database 'saudipsi_laravel'
--

--
-- Dumping routines for database 'saudipsi_laravel'
--
/*!40103 SET TIME_ZONE=@OLD_TIME_ZONE */;

/*!40101 SET SQL_MODE=@OLD_SQL_MODE */;
/*!40014 SET FOREIGN_KEY_CHECKS=@OLD_FOREIGN_KEY_CHECKS */;
/*!40014 SET UNIQUE_CHECKS=@OLD_UNIQUE_CHECKS */;
/*!40101 SET CHARACTER_SET_CLIENT=@OLD_CHARACTER_SET_CLIENT */;
/*!40101 SET CHARACTER_SET_RESULTS=@OLD_CHARACTER_SET_RESULTS */;
/*!40101 SET COLLATION_CONNECTION=@OLD_COLLATION_CONNECTION */;
/*!40111 SET SQL_NOTES=@OLD_SQL_NOTES */;

-- Dump completed on 2023-06-14 12:16:11
